"Species","Solvent","Concentration","Timepoint","Triplicate"
"Chlorella","Acetate",0,"Lag",1
"Chlorella","Acetate",0,"Lag",2
"Chlorella","Acetate",0,"Lag",3
"Chlorella","Acetate",0,"Log",1
"Chlorella","Acetate",0,"Log",2
"Chlorella","Acetate",0,"Log",3
"Chlorella","Acetate",0,"Stat",1
"Chlorella","Acetate",0,"Stat",2
"Chlorella","Acetate",0,"Stat",3
"Chlorella","Acetate",0.1,"Lag",1
"Chlorella","Acetate",0.1,"Lag",2
"Chlorella","Acetate",0.1,"Lag",3
"Chlorella","Acetate",0.1,"Log",1
"Chlorella","Acetate",0.1,"Log",2
"Chlorella","Acetate",0.1,"Log",3
"Chlorella","Acetate",0.1,"Stat",1
"Chlorella","Acetate",0.1,"Stat",2
"Chlorella","Acetate",0.1,"Stat",3
"Chlorella","Acetate",0.5,"Lag",1
"Chlorella","Acetate",0.5,"Lag",2
"Chlorella","Acetate",0.5,"Lag",3
"Chlorella","Acetate",0.5,"Log",1
"Chlorella","Acetate",0.5,"Log",2
"Chlorella","Acetate",0.5,"Log",3
"Chlorella","Acetate",0.5,"Stat",1
"Chlorella","Acetate",0.5,"Stat",2
"Chlorella","Acetate",0.5,"Stat",3
"Chlorella","Acetate",1,"Lag",1
"Chlorella","Acetate",1,"Lag",2
"Chlorella","Acetate",1,"Lag",3
"Chlorella","Acetate",1,"Log",1
"Chlorella","Acetate",1,"Log",2
"Chlorella","Acetate",1,"Log",3
"Chlorella","Acetate",1,"Stat",1
"Chlorella","Acetate",1,"Stat",2
"Chlorella","Acetate",1,"Stat",3
"Chlorella","Acetate",3,"Lag",1
"Chlorella","Acetate",3,"Lag",2
"Chlorella","Acetate",3,"Lag",3
"Chlorella","Acetate",3,"Log",1
"Chlorella","Acetate",3,"Log",2
"Chlorella","Acetate",3,"Log",3
"Chlorella","Acetate",3,"Stat",1
"Chlorella","Acetate",3,"Stat",2
"Chlorella","Acetate",3,"Stat",3
"Chlorella","Ethanol",0,"Lag",1
"Chlorella","Ethanol",0,"Lag",2
"Chlorella","Ethanol",0,"Lag",3
"Chlorella","Ethanol",0,"Log",1
"Chlorella","Ethanol",0,"Log",2
"Chlorella","Ethanol",0,"Log",3
"Chlorella","Ethanol",0,"Stat",1
"Chlorella","Ethanol",0,"Stat",2
"Chlorella","Ethanol",0,"Stat",3
"Chlorella","Ethanol",0.1,"Lag",1
"Chlorella","Ethanol",0.1,"Lag",2
"Chlorella","Ethanol",0.1,"Lag",3
"Chlorella","Ethanol",0.1,"Log",1
"Chlorella","Ethanol",0.1,"Log",2
"Chlorella","Ethanol",0.1,"Log",3
"Chlorella","Ethanol",0.1,"Stat",1
"Chlorella","Ethanol",0.1,"Stat",2
"Chlorella","Ethanol",0.1,"Stat",3
"Chlorella","Ethanol",0.5,"Lag",1
"Chlorella","Ethanol",0.5,"Lag",2
"Chlorella","Ethanol",0.5,"Lag",3
"Chlorella","Ethanol",0.5,"Log",1
"Chlorella","Ethanol",0.5,"Log",2
"Chlorella","Ethanol",0.5,"Log",3
"Chlorella","Ethanol",0.5,"Stat",1
"Chlorella","Ethanol",0.5,"Stat",2
"Chlorella","Ethanol",0.5,"Stat",3
"Chlorella","Ethanol",1,"Lag",1
"Chlorella","Ethanol",1,"Lag",2
"Chlorella","Ethanol",1,"Lag",3
"Chlorella","Ethanol",1,"Log",1
"Chlorella","Ethanol",1,"Log",2
"Chlorella","Ethanol",1,"Log",3
"Chlorella","Ethanol",1,"Stat",1
"Chlorella","Ethanol",1,"Stat",2
"Chlorella","Ethanol",1,"Stat",3
"Chlorella","Ethanol",3,"Lag",1
"Chlorella","Ethanol",3,"Lag",2
"Chlorella","Ethanol",3,"Lag",3
"Chlorella","Ethanol",3,"Log",1
"Chlorella","Ethanol",3,"Log",2
"Chlorella","Ethanol",3,"Log",3
"Chlorella","Ethanol",3,"Stat",1
"Chlorella","Ethanol",3,"Stat",2
"Chlorella","Ethanol",3,"Stat",3
"Chlorella","Glucose",0,"Lag",1
"Chlorella","Glucose",0,"Lag",2
"Chlorella","Glucose",0,"Lag",3
"Chlorella","Glucose",0,"Log",1
"Chlorella","Glucose",0,"Log",2
"Chlorella","Glucose",0,"Log",3
"Chlorella","Glucose",0,"Stat",1
"Chlorella","Glucose",0,"Stat",2
"Chlorella","Glucose",0,"Stat",3
"Chlorella","Glucose",0.1,"Lag",1
"Chlorella","Glucose",0.1,"Lag",2
"Chlorella","Glucose",0.1,"Lag",3
"Chlorella","Glucose",0.1,"Log",1
"Chlorella","Glucose",0.1,"Log",2
"Chlorella","Glucose",0.1,"Log",3
"Chlorella","Glucose",0.1,"Stat",1
"Chlorella","Glucose",0.1,"Stat",2
"Chlorella","Glucose",0.1,"Stat",3
"Chlorella","Glucose",0.5,"Lag",1
"Chlorella","Glucose",0.5,"Lag",2
"Chlorella","Glucose",0.5,"Lag",3
"Chlorella","Glucose",0.5,"Log",1
"Chlorella","Glucose",0.5,"Log",2
"Chlorella","Glucose",0.5,"Log",3
"Chlorella","Glucose",0.5,"Stat",1
"Chlorella","Glucose",0.5,"Stat",2
"Chlorella","Glucose",0.5,"Stat",3
"Chlorella","Glucose",1,"Lag",1
"Chlorella","Glucose",1,"Lag",2
"Chlorella","Glucose",1,"Lag",3
"Chlorella","Glucose",1,"Log",1
"Chlorella","Glucose",1,"Log",2
"Chlorella","Glucose",1,"Log",3
"Chlorella","Glucose",1,"Stat",1
"Chlorella","Glucose",1,"Stat",2
"Chlorella","Glucose",1,"Stat",3
"Chlorella","Glucose",3,"Lag",1
"Chlorella","Glucose",3,"Lag",2
"Chlorella","Glucose",3,"Lag",3
"Chlorella","Glucose",3,"Log",1
"Chlorella","Glucose",3,"Log",2
"Chlorella","Glucose",3,"Log",3
"Chlorella","Glucose",3,"Stat",1
"Chlorella","Glucose",3,"Stat",2
"Chlorella","Glucose",3,"Stat",3
"Chlorella","Glycerol",0,"Lag",1
"Chlorella","Glycerol",0,"Lag",2
"Chlorella","Glycerol",0,"Lag",3
"Chlorella","Glycerol",0,"Log",1
"Chlorella","Glycerol",0,"Log",2
"Chlorella","Glycerol",0,"Log",3
"Chlorella","Glycerol",0,"Stat",1
"Chlorella","Glycerol",0,"Stat",2
"Chlorella","Glycerol",0,"Stat",3
"Chlorella","Glycerol",0.1,"Lag",1
"Chlorella","Glycerol",0.1,"Lag",2
"Chlorella","Glycerol",0.1,"Lag",3
"Chlorella","Glycerol",0.1,"Log",1
"Chlorella","Glycerol",0.1,"Log",2
"Chlorella","Glycerol",0.1,"Log",3
"Chlorella","Glycerol",0.1,"Stat",1
"Chlorella","Glycerol",0.1,"Stat",2
"Chlorella","Glycerol",0.1,"Stat",3
"Chlorella","Glycerol",0.5,"Lag",1
"Chlorella","Glycerol",0.5,"Lag",2
"Chlorella","Glycerol",0.5,"Lag",3
"Chlorella","Glycerol",0.5,"Log",1
"Chlorella","Glycerol",0.5,"Log",2
"Chlorella","Glycerol",0.5,"Log",3
"Chlorella","Glycerol",0.5,"Stat",1
"Chlorella","Glycerol",0.5,"Stat",2
"Chlorella","Glycerol",0.5,"Stat",3
"Chlorella","Glycerol",1,"Lag",1
"Chlorella","Glycerol",1,"Lag",2
"Chlorella","Glycerol",1,"Lag",3
"Chlorella","Glycerol",1,"Log",1
"Chlorella","Glycerol",1,"Log",2
"Chlorella","Glycerol",1,"Log",3
"Chlorella","Glycerol",1,"Stat",1
"Chlorella","Glycerol",1,"Stat",2
"Chlorella","Glycerol",1,"Stat",3
"Chlorella","Glycerol",3,"Lag",1
"Chlorella","Glycerol",3,"Lag",2
"Chlorella","Glycerol",3,"Lag",3
"Chlorella","Glycerol",3,"Log",1
"Chlorella","Glycerol",3,"Log",2
"Chlorella","Glycerol",3,"Log",3
"Chlorella","Glycerol",3,"Stat",1
"Chlorella","Glycerol",3,"Stat",2
"Chlorella","Glycerol",3,"Stat",3
"Chlorella","Methanol",0,"Lag",1
"Chlorella","Methanol",0,"Lag",2
"Chlorella","Methanol",0,"Lag",3
"Chlorella","Methanol",0,"Log",1
"Chlorella","Methanol",0,"Log",2
"Chlorella","Methanol",0,"Log",3
"Chlorella","Methanol",0,"Stat",1
"Chlorella","Methanol",0,"Stat",2
"Chlorella","Methanol",0,"Stat",3
"Chlorella","Methanol",0.1,"Lag",1
"Chlorella","Methanol",0.1,"Lag",2
"Chlorella","Methanol",0.1,"Lag",3
"Chlorella","Methanol",0.1,"Log",1
"Chlorella","Methanol",0.1,"Log",2
"Chlorella","Methanol",0.1,"Log",3
"Chlorella","Methanol",0.1,"Stat",1
"Chlorella","Methanol",0.1,"Stat",2
"Chlorella","Methanol",0.1,"Stat",3
"Chlorella","Methanol",0.5,"Lag",1
"Chlorella","Methanol",0.5,"Lag",2
"Chlorella","Methanol",0.5,"Lag",3
"Chlorella","Methanol",0.5,"Log",1
"Chlorella","Methanol",0.5,"Log",2
"Chlorella","Methanol",0.5,"Log",3
"Chlorella","Methanol",0.5,"Stat",1
"Chlorella","Methanol",0.5,"Stat",2
"Chlorella","Methanol",0.5,"Stat",3
"Chlorella","Methanol",1,"Lag",1
"Chlorella","Methanol",1,"Lag",2
"Chlorella","Methanol",1,"Lag",3
"Chlorella","Methanol",1,"Log",1
"Chlorella","Methanol",1,"Log",2
"Chlorella","Methanol",1,"Log",3
"Chlorella","Methanol",1,"Stat",1
"Chlorella","Methanol",1,"Stat",2
"Chlorella","Methanol",1,"Stat",3
"Chlorella","Methanol",3,"Lag",1
"Chlorella","Methanol",3,"Lag",2
"Chlorella","Methanol",3,"Lag",3
"Chlorella","Methanol",3,"Log",1
"Chlorella","Methanol",3,"Log",2
"Chlorella","Methanol",3,"Log",3
"Chlorella","Methanol",3,"Stat",1
"Chlorella","Methanol",3,"Stat",2
"Chlorella","Methanol",3,"Stat",3
"Chaetoceros","Acetate",0,"Lag",1
"Chaetoceros","Acetate",0,"Lag",2
"Chaetoceros","Acetate",0,"Lag",3
"Chaetoceros","Acetate",0,"Log",1
"Chaetoceros","Acetate",0,"Log",2
"Chaetoceros","Acetate",0,"Log",3
"Chaetoceros","Acetate",0,"Stat",1
"Chaetoceros","Acetate",0,"Stat",2
"Chaetoceros","Acetate",0,"Stat",3
"Chaetoceros","Acetate",0.1,"Lag",1
"Chaetoceros","Acetate",0.1,"Lag",2
"Chaetoceros","Acetate",0.1,"Lag",3
"Chaetoceros","Acetate",0.1,"Log",1
"Chaetoceros","Acetate",0.1,"Log",2
"Chaetoceros","Acetate",0.1,"Log",3
"Chaetoceros","Acetate",0.1,"Stat",1
"Chaetoceros","Acetate",0.1,"Stat",2
"Chaetoceros","Acetate",0.1,"Stat",3
"Chaetoceros","Acetate",0.5,"Lag",1
"Chaetoceros","Acetate",0.5,"Lag",2
"Chaetoceros","Acetate",0.5,"Lag",3
"Chaetoceros","Acetate",0.5,"Log",1
"Chaetoceros","Acetate",0.5,"Log",2
"Chaetoceros","Acetate",0.5,"Log",3
"Chaetoceros","Acetate",0.5,"Stat",1
"Chaetoceros","Acetate",0.5,"Stat",2
"Chaetoceros","Acetate",0.5,"Stat",3
"Chaetoceros","Acetate",1,"Lag",1
"Chaetoceros","Acetate",1,"Lag",2
"Chaetoceros","Acetate",1,"Lag",3
"Chaetoceros","Acetate",1,"Log",1
"Chaetoceros","Acetate",1,"Log",2
"Chaetoceros","Acetate",1,"Log",3
"Chaetoceros","Acetate",1,"Stat",1
"Chaetoceros","Acetate",1,"Stat",2
"Chaetoceros","Acetate",1,"Stat",3
"Chaetoceros","Acetate",3,"Lag",1
"Chaetoceros","Acetate",3,"Lag",2
"Chaetoceros","Acetate",3,"Lag",3
"Chaetoceros","Acetate",3,"Log",1
"Chaetoceros","Acetate",3,"Log",2
"Chaetoceros","Acetate",3,"Log",3
"Chaetoceros","Acetate",3,"Stat",1
"Chaetoceros","Acetate",3,"Stat",2
"Chaetoceros","Acetate",3,"Stat",3
"Chaetoceros","Ethanol",0,"Lag",1
"Chaetoceros","Ethanol",0,"Lag",2
"Chaetoceros","Ethanol",0,"Lag",3
"Chaetoceros","Ethanol",0,"Log",1
"Chaetoceros","Ethanol",0,"Log",2
"Chaetoceros","Ethanol",0,"Log",3
"Chaetoceros","Ethanol",0,"Stat",1
"Chaetoceros","Ethanol",0,"Stat",2
"Chaetoceros","Ethanol",0,"Stat",3
"Chaetoceros","Ethanol",0.1,"Lag",1
"Chaetoceros","Ethanol",0.1,"Lag",2
"Chaetoceros","Ethanol",0.1,"Lag",3
"Chaetoceros","Ethanol",0.1,"Log",1
"Chaetoceros","Ethanol",0.1,"Log",2
"Chaetoceros","Ethanol",0.1,"Log",3
"Chaetoceros","Ethanol",0.1,"Stat",1
"Chaetoceros","Ethanol",0.1,"Stat",2
"Chaetoceros","Ethanol",0.1,"Stat",3
"Chaetoceros","Ethanol",0.5,"Lag",1
"Chaetoceros","Ethanol",0.5,"Lag",2
"Chaetoceros","Ethanol",0.5,"Lag",3
"Chaetoceros","Ethanol",0.5,"Log",1
"Chaetoceros","Ethanol",0.5,"Log",2
"Chaetoceros","Ethanol",0.5,"Log",3
"Chaetoceros","Ethanol",0.5,"Stat",1
"Chaetoceros","Ethanol",0.5,"Stat",2
"Chaetoceros","Ethanol",0.5,"Stat",3
"Chaetoceros","Ethanol",1,"Lag",1
"Chaetoceros","Ethanol",1,"Lag",2
"Chaetoceros","Ethanol",1,"Lag",3
"Chaetoceros","Ethanol",1,"Log",1
"Chaetoceros","Ethanol",1,"Log",2
"Chaetoceros","Ethanol",1,"Log",3
"Chaetoceros","Ethanol",1,"Stat",1
"Chaetoceros","Ethanol",1,"Stat",2
"Chaetoceros","Ethanol",1,"Stat",3
"Chaetoceros","Ethanol",3,"Lag",1
"Chaetoceros","Ethanol",3,"Lag",2
"Chaetoceros","Ethanol",3,"Lag",3
"Chaetoceros","Ethanol",3,"Log",1
"Chaetoceros","Ethanol",3,"Log",2
"Chaetoceros","Ethanol",3,"Log",3
"Chaetoceros","Ethanol",3,"Stat",1
"Chaetoceros","Ethanol",3,"Stat",2
"Chaetoceros","Ethanol",3,"Stat",3
"Chaetoceros","Glucose",0,"Lag",1
"Chaetoceros","Glucose",0,"Lag",2
"Chaetoceros","Glucose",0,"Lag",3
"Chaetoceros","Glucose",0,"Log",1
"Chaetoceros","Glucose",0,"Log",2
"Chaetoceros","Glucose",0,"Log",3
"Chaetoceros","Glucose",0,"Stat",1
"Chaetoceros","Glucose",0,"Stat",2
"Chaetoceros","Glucose",0,"Stat",3
"Chaetoceros","Glucose",0.1,"Lag",1
"Chaetoceros","Glucose",0.1,"Lag",2
"Chaetoceros","Glucose",0.1,"Lag",3
"Chaetoceros","Glucose",0.1,"Log",1
"Chaetoceros","Glucose",0.1,"Log",2
"Chaetoceros","Glucose",0.1,"Log",3
"Chaetoceros","Glucose",0.1,"Stat",1
"Chaetoceros","Glucose",0.1,"Stat",2
"Chaetoceros","Glucose",0.1,"Stat",3
"Chaetoceros","Glucose",0.5,"Lag",1
"Chaetoceros","Glucose",0.5,"Lag",2
"Chaetoceros","Glucose",0.5,"Lag",3
"Chaetoceros","Glucose",0.5,"Log",1
"Chaetoceros","Glucose",0.5,"Log",2
"Chaetoceros","Glucose",0.5,"Log",3
"Chaetoceros","Glucose",0.5,"Stat",1
"Chaetoceros","Glucose",0.5,"Stat",2
"Chaetoceros","Glucose",0.5,"Stat",3
"Chaetoceros","Glucose",1,"Lag",1
"Chaetoceros","Glucose",1,"Lag",2
"Chaetoceros","Glucose",1,"Lag",3
"Chaetoceros","Glucose",1,"Log",1
"Chaetoceros","Glucose",1,"Log",2
"Chaetoceros","Glucose",1,"Log",3
"Chaetoceros","Glucose",1,"Stat",1
"Chaetoceros","Glucose",1,"Stat",2
"Chaetoceros","Glucose",1,"Stat",3
"Chaetoceros","Glucose",3,"Lag",1
"Chaetoceros","Glucose",3,"Lag",2
"Chaetoceros","Glucose",3,"Lag",3
"Chaetoceros","Glucose",3,"Log",1
"Chaetoceros","Glucose",3,"Log",2
"Chaetoceros","Glucose",3,"Log",3
"Chaetoceros","Glucose",3,"Stat",1
"Chaetoceros","Glucose",3,"Stat",2
"Chaetoceros","Glucose",3,"Stat",3
"Chaetoceros","Glycerol",0,"Lag",1
"Chaetoceros","Glycerol",0,"Lag",2
"Chaetoceros","Glycerol",0,"Lag",3
"Chaetoceros","Glycerol",0,"Log",1
"Chaetoceros","Glycerol",0,"Log",2
"Chaetoceros","Glycerol",0,"Log",3
"Chaetoceros","Glycerol",0,"Stat",1
"Chaetoceros","Glycerol",0,"Stat",2
"Chaetoceros","Glycerol",0,"Stat",3
"Chaetoceros","Glycerol",0.1,"Lag",1
"Chaetoceros","Glycerol",0.1,"Lag",2
"Chaetoceros","Glycerol",0.1,"Lag",3
"Chaetoceros","Glycerol",0.1,"Log",1
"Chaetoceros","Glycerol",0.1,"Log",2
"Chaetoceros","Glycerol",0.1,"Log",3
"Chaetoceros","Glycerol",0.1,"Stat",1
"Chaetoceros","Glycerol",0.1,"Stat",2
"Chaetoceros","Glycerol",0.1,"Stat",3
"Chaetoceros","Glycerol",0.5,"Lag",1
"Chaetoceros","Glycerol",0.5,"Lag",2
"Chaetoceros","Glycerol",0.5,"Lag",3
"Chaetoceros","Glycerol",0.5,"Log",1
"Chaetoceros","Glycerol",0.5,"Log",2
"Chaetoceros","Glycerol",0.5,"Log",3
"Chaetoceros","Glycerol",0.5,"Stat",1
"Chaetoceros","Glycerol",0.5,"Stat",2
"Chaetoceros","Glycerol",0.5,"Stat",3
"Chaetoceros","Glycerol",1,"Lag",1
"Chaetoceros","Glycerol",1,"Lag",2
"Chaetoceros","Glycerol",1,"Lag",3
"Chaetoceros","Glycerol",1,"Log",1
"Chaetoceros","Glycerol",1,"Log",2
"Chaetoceros","Glycerol",1,"Log",3
"Chaetoceros","Glycerol",1,"Stat",1
"Chaetoceros","Glycerol",1,"Stat",2
"Chaetoceros","Glycerol",1,"Stat",3
"Chaetoceros","Glycerol",3,"Lag",1
"Chaetoceros","Glycerol",3,"Lag",2
"Chaetoceros","Glycerol",3,"Lag",3
"Chaetoceros","Glycerol",3,"Log",1
"Chaetoceros","Glycerol",3,"Log",2
"Chaetoceros","Glycerol",3,"Log",3
"Chaetoceros","Glycerol",3,"Stat",1
"Chaetoceros","Glycerol",3,"Stat",2
"Chaetoceros","Glycerol",3,"Stat",3
"Chaetoceros","Methanol",0,"Lag",1
"Chaetoceros","Methanol",0,"Lag",2
"Chaetoceros","Methanol",0,"Lag",3
"Chaetoceros","Methanol",0,"Log",1
"Chaetoceros","Methanol",0,"Log",2
"Chaetoceros","Methanol",0,"Log",3
"Chaetoceros","Methanol",0,"Stat",1
"Chaetoceros","Methanol",0,"Stat",2
"Chaetoceros","Methanol",0,"Stat",3
"Chaetoceros","Methanol",0.1,"Lag",1
"Chaetoceros","Methanol",0.1,"Lag",2
"Chaetoceros","Methanol",0.1,"Lag",3
"Chaetoceros","Methanol",0.1,"Log",1
"Chaetoceros","Methanol",0.1,"Log",2
"Chaetoceros","Methanol",0.1,"Log",3
"Chaetoceros","Methanol",0.1,"Stat",1
"Chaetoceros","Methanol",0.1,"Stat",2
"Chaetoceros","Methanol",0.1,"Stat",3
"Chaetoceros","Methanol",0.5,"Lag",1
"Chaetoceros","Methanol",0.5,"Lag",2
"Chaetoceros","Methanol",0.5,"Lag",3
"Chaetoceros","Methanol",0.5,"Log",1
"Chaetoceros","Methanol",0.5,"Log",2
"Chaetoceros","Methanol",0.5,"Log",3
"Chaetoceros","Methanol",0.5,"Stat",1
"Chaetoceros","Methanol",0.5,"Stat",2
"Chaetoceros","Methanol",0.5,"Stat",3
"Chaetoceros","Methanol",1,"Lag",1
"Chaetoceros","Methanol",1,"Lag",2
"Chaetoceros","Methanol",1,"Lag",3
"Chaetoceros","Methanol",1,"Log",1
"Chaetoceros","Methanol",1,"Log",2
"Chaetoceros","Methanol",1,"Log",3
"Chaetoceros","Methanol",1,"Stat",1
"Chaetoceros","Methanol",1,"Stat",2
"Chaetoceros","Methanol",1,"Stat",3
"Chaetoceros","Methanol",3,"Lag",1
"Chaetoceros","Methanol",3,"Lag",2
"Chaetoceros","Methanol",3,"Lag",3
"Chaetoceros","Methanol",3,"Log",1
"Chaetoceros","Methanol",3,"Log",2
"Chaetoceros","Methanol",3,"Log",3
"Chaetoceros","Methanol",3,"Stat",1
"Chaetoceros","Methanol",3,"Stat",2
"Chaetoceros","Methanol",3,"Stat",3
"Chlamydomonas","Acetate",0,"Lag",1
"Chlamydomonas","Acetate",0,"Lag",2
"Chlamydomonas","Acetate",0,"Lag",3
"Chlamydomonas","Acetate",0,"Log",1
"Chlamydomonas","Acetate",0,"Log",2
"Chlamydomonas","Acetate",0,"Log",3
"Chlamydomonas","Acetate",0,"Stat",1
"Chlamydomonas","Acetate",0,"Stat",2
"Chlamydomonas","Acetate",0,"Stat",3
"Chlamydomonas","Acetate",0.1,"Lag",1
"Chlamydomonas","Acetate",0.1,"Lag",2
"Chlamydomonas","Acetate",0.1,"Lag",3
"Chlamydomonas","Acetate",0.1,"Log",1
"Chlamydomonas","Acetate",0.1,"Log",2
"Chlamydomonas","Acetate",0.1,"Log",3
"Chlamydomonas","Acetate",0.1,"Stat",1
"Chlamydomonas","Acetate",0.1,"Stat",2
"Chlamydomonas","Acetate",0.1,"Stat",3
"Chlamydomonas","Acetate",0.5,"Lag",1
"Chlamydomonas","Acetate",0.5,"Lag",2
"Chlamydomonas","Acetate",0.5,"Lag",3
"Chlamydomonas","Acetate",0.5,"Log",1
"Chlamydomonas","Acetate",0.5,"Log",2
"Chlamydomonas","Acetate",0.5,"Log",3
"Chlamydomonas","Acetate",0.5,"Stat",1
"Chlamydomonas","Acetate",0.5,"Stat",2
"Chlamydomonas","Acetate",0.5,"Stat",3
"Chlamydomonas","Acetate",1,"Lag",1
"Chlamydomonas","Acetate",1,"Lag",2
"Chlamydomonas","Acetate",1,"Lag",3
"Chlamydomonas","Acetate",1,"Log",1
"Chlamydomonas","Acetate",1,"Log",2
"Chlamydomonas","Acetate",1,"Log",3
"Chlamydomonas","Acetate",1,"Stat",1
"Chlamydomonas","Acetate",1,"Stat",2
"Chlamydomonas","Acetate",1,"Stat",3
"Chlamydomonas","Acetate",3,"Lag",1
"Chlamydomonas","Acetate",3,"Lag",2
"Chlamydomonas","Acetate",3,"Lag",3
"Chlamydomonas","Acetate",3,"Log",1
"Chlamydomonas","Acetate",3,"Log",2
"Chlamydomonas","Acetate",3,"Log",3
"Chlamydomonas","Acetate",3,"Stat",1
"Chlamydomonas","Acetate",3,"Stat",2
"Chlamydomonas","Acetate",3,"Stat",3
"Chlamydomonas","Ethanol",0,"Lag",1
"Chlamydomonas","Ethanol",0,"Lag",2
"Chlamydomonas","Ethanol",0,"Lag",3
"Chlamydomonas","Ethanol",0,"Log",1
"Chlamydomonas","Ethanol",0,"Log",2
"Chlamydomonas","Ethanol",0,"Log",3
"Chlamydomonas","Ethanol",0,"Stat",1
"Chlamydomonas","Ethanol",0,"Stat",2
"Chlamydomonas","Ethanol",0,"Stat",3
"Chlamydomonas","Ethanol",0.1,"Lag",1
"Chlamydomonas","Ethanol",0.1,"Lag",2
"Chlamydomonas","Ethanol",0.1,"Lag",3
"Chlamydomonas","Ethanol",0.1,"Log",1
"Chlamydomonas","Ethanol",0.1,"Log",2
"Chlamydomonas","Ethanol",0.1,"Log",3
"Chlamydomonas","Ethanol",0.1,"Stat",1
"Chlamydomonas","Ethanol",0.1,"Stat",2
"Chlamydomonas","Ethanol",0.1,"Stat",3
"Chlamydomonas","Ethanol",0.5,"Lag",1
"Chlamydomonas","Ethanol",0.5,"Lag",2
"Chlamydomonas","Ethanol",0.5,"Lag",3
"Chlamydomonas","Ethanol",0.5,"Log",1
"Chlamydomonas","Ethanol",0.5,"Log",2
"Chlamydomonas","Ethanol",0.5,"Log",3
"Chlamydomonas","Ethanol",0.5,"Stat",1
"Chlamydomonas","Ethanol",0.5,"Stat",2
"Chlamydomonas","Ethanol",0.5,"Stat",3
"Chlamydomonas","Ethanol",1,"Lag",1
"Chlamydomonas","Ethanol",1,"Lag",2
"Chlamydomonas","Ethanol",1,"Lag",3
"Chlamydomonas","Ethanol",1,"Log",1
"Chlamydomonas","Ethanol",1,"Log",2
"Chlamydomonas","Ethanol",1,"Log",3
"Chlamydomonas","Ethanol",1,"Stat",1
"Chlamydomonas","Ethanol",1,"Stat",2
"Chlamydomonas","Ethanol",1,"Stat",3
"Chlamydomonas","Ethanol",3,"Lag",1
"Chlamydomonas","Ethanol",3,"Lag",2
"Chlamydomonas","Ethanol",3,"Lag",3
"Chlamydomonas","Ethanol",3,"Log",1
"Chlamydomonas","Ethanol",3,"Log",2
"Chlamydomonas","Ethanol",3,"Log",3
"Chlamydomonas","Ethanol",3,"Stat",1
"Chlamydomonas","Ethanol",3,"Stat",2
"Chlamydomonas","Ethanol",3,"Stat",3
"Chlamydomonas","Glucose",0,"Lag",1
"Chlamydomonas","Glucose",0,"Lag",2
"Chlamydomonas","Glucose",0,"Lag",3
"Chlamydomonas","Glucose",0,"Log",1
"Chlamydomonas","Glucose",0,"Log",2
"Chlamydomonas","Glucose",0,"Log",3
"Chlamydomonas","Glucose",0,"Stat",1
"Chlamydomonas","Glucose",0,"Stat",2
"Chlamydomonas","Glucose",0,"Stat",3
"Chlamydomonas","Glucose",0.1,"Lag",1
"Chlamydomonas","Glucose",0.1,"Lag",2
"Chlamydomonas","Glucose",0.1,"Lag",3
"Chlamydomonas","Glucose",0.1,"Log",1
"Chlamydomonas","Glucose",0.1,"Log",2
"Chlamydomonas","Glucose",0.1,"Log",3
"Chlamydomonas","Glucose",0.1,"Stat",1
"Chlamydomonas","Glucose",0.1,"Stat",2
"Chlamydomonas","Glucose",0.1,"Stat",3
"Chlamydomonas","Glucose",0.5,"Lag",1
"Chlamydomonas","Glucose",0.5,"Lag",2
"Chlamydomonas","Glucose",0.5,"Lag",3
"Chlamydomonas","Glucose",0.5,"Log",1
"Chlamydomonas","Glucose",0.5,"Log",2
"Chlamydomonas","Glucose",0.5,"Log",3
"Chlamydomonas","Glucose",0.5,"Stat",1
"Chlamydomonas","Glucose",0.5,"Stat",2
"Chlamydomonas","Glucose",0.5,"Stat",3
"Chlamydomonas","Glucose",1,"Lag",1
"Chlamydomonas","Glucose",1,"Lag",2
"Chlamydomonas","Glucose",1,"Lag",3
"Chlamydomonas","Glucose",1,"Log",1
"Chlamydomonas","Glucose",1,"Log",2
"Chlamydomonas","Glucose",1,"Log",3
"Chlamydomonas","Glucose",1,"Stat",1
"Chlamydomonas","Glucose",1,"Stat",2
"Chlamydomonas","Glucose",1,"Stat",3
"Chlamydomonas","Glucose",3,"Lag",1
"Chlamydomonas","Glucose",3,"Lag",2
"Chlamydomonas","Glucose",3,"Lag",3
"Chlamydomonas","Glucose",3,"Log",1
"Chlamydomonas","Glucose",3,"Log",2
"Chlamydomonas","Glucose",3,"Log",3
"Chlamydomonas","Glucose",3,"Stat",1
"Chlamydomonas","Glucose",3,"Stat",2
"Chlamydomonas","Glucose",3,"Stat",3
"Chlamydomonas","Glycerol",0,"Lag",1
"Chlamydomonas","Glycerol",0,"Lag",2
"Chlamydomonas","Glycerol",0,"Lag",3
"Chlamydomonas","Glycerol",0,"Log",1
"Chlamydomonas","Glycerol",0,"Log",2
"Chlamydomonas","Glycerol",0,"Log",3
"Chlamydomonas","Glycerol",0,"Stat",1
"Chlamydomonas","Glycerol",0,"Stat",2
"Chlamydomonas","Glycerol",0,"Stat",3
"Chlamydomonas","Glycerol",0.1,"Lag",1
"Chlamydomonas","Glycerol",0.1,"Lag",2
"Chlamydomonas","Glycerol",0.1,"Lag",3
"Chlamydomonas","Glycerol",0.1,"Log",1
"Chlamydomonas","Glycerol",0.1,"Log",2
"Chlamydomonas","Glycerol",0.1,"Log",3
"Chlamydomonas","Glycerol",0.1,"Stat",1
"Chlamydomonas","Glycerol",0.1,"Stat",2
"Chlamydomonas","Glycerol",0.1,"Stat",3
"Chlamydomonas","Glycerol",0.5,"Lag",1
"Chlamydomonas","Glycerol",0.5,"Lag",2
"Chlamydomonas","Glycerol",0.5,"Lag",3
"Chlamydomonas","Glycerol",0.5,"Log",1
"Chlamydomonas","Glycerol",0.5,"Log",2
"Chlamydomonas","Glycerol",0.5,"Log",3
"Chlamydomonas","Glycerol",0.5,"Stat",1
"Chlamydomonas","Glycerol",0.5,"Stat",2
"Chlamydomonas","Glycerol",0.5,"Stat",3
"Chlamydomonas","Glycerol",1,"Lag",1
"Chlamydomonas","Glycerol",1,"Lag",2
"Chlamydomonas","Glycerol",1,"Lag",3
"Chlamydomonas","Glycerol",1,"Log",1
"Chlamydomonas","Glycerol",1,"Log",2
"Chlamydomonas","Glycerol",1,"Log",3
"Chlamydomonas","Glycerol",1,"Stat",1
"Chlamydomonas","Glycerol",1,"Stat",2
"Chlamydomonas","Glycerol",1,"Stat",3
"Chlamydomonas","Glycerol",3,"Lag",1
"Chlamydomonas","Glycerol",3,"Lag",2
"Chlamydomonas","Glycerol",3,"Lag",3
"Chlamydomonas","Glycerol",3,"Log",1
"Chlamydomonas","Glycerol",3,"Log",2
"Chlamydomonas","Glycerol",3,"Log",3
"Chlamydomonas","Glycerol",3,"Stat",1
"Chlamydomonas","Glycerol",3,"Stat",2
"Chlamydomonas","Glycerol",3,"Stat",3
"Chlamydomonas","Methanol",0,"Lag",1
"Chlamydomonas","Methanol",0,"Lag",2
"Chlamydomonas","Methanol",0,"Lag",3
"Chlamydomonas","Methanol",0,"Log",1
"Chlamydomonas","Methanol",0,"Log",2
"Chlamydomonas","Methanol",0,"Log",3
"Chlamydomonas","Methanol",0,"Stat",1
"Chlamydomonas","Methanol",0,"Stat",2
"Chlamydomonas","Methanol",0,"Stat",3
"Chlamydomonas","Methanol",0.1,"Lag",1
"Chlamydomonas","Methanol",0.1,"Lag",2
"Chlamydomonas","Methanol",0.1,"Lag",3
"Chlamydomonas","Methanol",0.1,"Log",1
"Chlamydomonas","Methanol",0.1,"Log",2
"Chlamydomonas","Methanol",0.1,"Log",3
"Chlamydomonas","Methanol",0.1,"Stat",1
"Chlamydomonas","Methanol",0.1,"Stat",2
"Chlamydomonas","Methanol",0.1,"Stat",3
"Chlamydomonas","Methanol",0.5,"Lag",1
"Chlamydomonas","Methanol",0.5,"Lag",2
"Chlamydomonas","Methanol",0.5,"Lag",3
"Chlamydomonas","Methanol",0.5,"Log",1
"Chlamydomonas","Methanol",0.5,"Log",2
"Chlamydomonas","Methanol",0.5,"Log",3
"Chlamydomonas","Methanol",0.5,"Stat",1
"Chlamydomonas","Methanol",0.5,"Stat",2
"Chlamydomonas","Methanol",0.5,"Stat",3
"Chlamydomonas","Methanol",1,"Lag",1
"Chlamydomonas","Methanol",1,"Lag",2
"Chlamydomonas","Methanol",1,"Lag",3
"Chlamydomonas","Methanol",1,"Log",1
"Chlamydomonas","Methanol",1,"Log",2
"Chlamydomonas","Methanol",1,"Log",3
"Chlamydomonas","Methanol",1,"Stat",1
"Chlamydomonas","Methanol",1,"Stat",2
"Chlamydomonas","Methanol",1,"Stat",3
"Chlamydomonas","Methanol",3,"Lag",1
"Chlamydomonas","Methanol",3,"Lag",2
"Chlamydomonas","Methanol",3,"Lag",3
"Chlamydomonas","Methanol",3,"Log",1
"Chlamydomonas","Methanol",3,"Log",2
"Chlamydomonas","Methanol",3,"Log",3
"Chlamydomonas","Methanol",3,"Stat",1
"Chlamydomonas","Methanol",3,"Stat",2
"Chlamydomonas","Methanol",3,"Stat",3
"Dunaliella","Acetate",0,"Lag",1
"Dunaliella","Acetate",0,"Lag",2
"Dunaliella","Acetate",0,"Lag",3
"Dunaliella","Acetate",0,"Log",1
"Dunaliella","Acetate",0,"Log",2
"Dunaliella","Acetate",0,"Log",3
"Dunaliella","Acetate",0,"Stat",1
"Dunaliella","Acetate",0,"Stat",2
"Dunaliella","Acetate",0,"Stat",3
"Dunaliella","Acetate",0.1,"Lag",1
"Dunaliella","Acetate",0.1,"Lag",2
"Dunaliella","Acetate",0.1,"Lag",3
"Dunaliella","Acetate",0.1,"Log",1
"Dunaliella","Acetate",0.1,"Log",2
"Dunaliella","Acetate",0.1,"Log",3
"Dunaliella","Acetate",0.1,"Stat",1
"Dunaliella","Acetate",0.1,"Stat",2
"Dunaliella","Acetate",0.1,"Stat",3
"Dunaliella","Acetate",0.5,"Lag",1
"Dunaliella","Acetate",0.5,"Lag",2
"Dunaliella","Acetate",0.5,"Lag",3
"Dunaliella","Acetate",0.5,"Log",1
"Dunaliella","Acetate",0.5,"Log",2
"Dunaliella","Acetate",0.5,"Log",3
"Dunaliella","Acetate",0.5,"Stat",1
"Dunaliella","Acetate",0.5,"Stat",2
"Dunaliella","Acetate",0.5,"Stat",3
"Dunaliella","Acetate",1,"Lag",1
"Dunaliella","Acetate",1,"Lag",2
"Dunaliella","Acetate",1,"Lag",3
"Dunaliella","Acetate",1,"Log",1
"Dunaliella","Acetate",1,"Log",2
"Dunaliella","Acetate",1,"Log",3
"Dunaliella","Acetate",1,"Stat",1
"Dunaliella","Acetate",1,"Stat",2
"Dunaliella","Acetate",1,"Stat",3
"Dunaliella","Acetate",3,"Lag",1
"Dunaliella","Acetate",3,"Lag",2
"Dunaliella","Acetate",3,"Lag",3
"Dunaliella","Acetate",3,"Log",1
"Dunaliella","Acetate",3,"Log",2
"Dunaliella","Acetate",3,"Log",3
"Dunaliella","Acetate",3,"Stat",1
"Dunaliella","Acetate",3,"Stat",2
"Dunaliella","Acetate",3,"Stat",3
"Dunaliella","Ethanol",0,"Lag",1
"Dunaliella","Ethanol",0,"Lag",2
"Dunaliella","Ethanol",0,"Lag",3
"Dunaliella","Ethanol",0,"Log",1
"Dunaliella","Ethanol",0,"Log",2
"Dunaliella","Ethanol",0,"Log",3
"Dunaliella","Ethanol",0,"Stat",1
"Dunaliella","Ethanol",0,"Stat",2
"Dunaliella","Ethanol",0,"Stat",3
"Dunaliella","Ethanol",0.1,"Lag",1
"Dunaliella","Ethanol",0.1,"Lag",2
"Dunaliella","Ethanol",0.1,"Lag",3
"Dunaliella","Ethanol",0.1,"Log",1
"Dunaliella","Ethanol",0.1,"Log",2
"Dunaliella","Ethanol",0.1,"Log",3
"Dunaliella","Ethanol",0.1,"Stat",1
"Dunaliella","Ethanol",0.1,"Stat",2
"Dunaliella","Ethanol",0.1,"Stat",3
"Dunaliella","Ethanol",0.5,"Lag",1
"Dunaliella","Ethanol",0.5,"Lag",2
"Dunaliella","Ethanol",0.5,"Lag",3
"Dunaliella","Ethanol",0.5,"Log",1
"Dunaliella","Ethanol",0.5,"Log",2
"Dunaliella","Ethanol",0.5,"Log",3
"Dunaliella","Ethanol",0.5,"Stat",1
"Dunaliella","Ethanol",0.5,"Stat",2
"Dunaliella","Ethanol",0.5,"Stat",3
"Dunaliella","Ethanol",1,"Lag",1
"Dunaliella","Ethanol",1,"Lag",2
"Dunaliella","Ethanol",1,"Lag",3
"Dunaliella","Ethanol",1,"Log",1
"Dunaliella","Ethanol",1,"Log",2
"Dunaliella","Ethanol",1,"Log",3
"Dunaliella","Ethanol",1,"Stat",1
"Dunaliella","Ethanol",1,"Stat",2
"Dunaliella","Ethanol",1,"Stat",3
"Dunaliella","Ethanol",3,"Lag",1
"Dunaliella","Ethanol",3,"Lag",2
"Dunaliella","Ethanol",3,"Lag",3
"Dunaliella","Ethanol",3,"Log",1
"Dunaliella","Ethanol",3,"Log",2
"Dunaliella","Ethanol",3,"Log",3
"Dunaliella","Ethanol",3,"Stat",1
"Dunaliella","Ethanol",3,"Stat",2
"Dunaliella","Ethanol",3,"Stat",3
"Dunaliella","Glucose",0,"Lag",1
"Dunaliella","Glucose",0,"Lag",2
"Dunaliella","Glucose",0,"Lag",3
"Dunaliella","Glucose",0,"Log",1
"Dunaliella","Glucose",0,"Log",2
"Dunaliella","Glucose",0,"Log",3
"Dunaliella","Glucose",0,"Stat",1
"Dunaliella","Glucose",0,"Stat",2
"Dunaliella","Glucose",0,"Stat",3
"Dunaliella","Glucose",0.1,"Lag",1
"Dunaliella","Glucose",0.1,"Lag",2
"Dunaliella","Glucose",0.1,"Lag",3
"Dunaliella","Glucose",0.1,"Log",1
"Dunaliella","Glucose",0.1,"Log",2
"Dunaliella","Glucose",0.1,"Log",3
"Dunaliella","Glucose",0.1,"Stat",1
"Dunaliella","Glucose",0.1,"Stat",2
"Dunaliella","Glucose",0.1,"Stat",3
"Dunaliella","Glucose",0.5,"Lag",1
"Dunaliella","Glucose",0.5,"Lag",2
"Dunaliella","Glucose",0.5,"Lag",3
"Dunaliella","Glucose",0.5,"Log",1
"Dunaliella","Glucose",0.5,"Log",2
"Dunaliella","Glucose",0.5,"Log",3
"Dunaliella","Glucose",0.5,"Stat",1
"Dunaliella","Glucose",0.5,"Stat",2
"Dunaliella","Glucose",0.5,"Stat",3
"Dunaliella","Glucose",1,"Lag",1
"Dunaliella","Glucose",1,"Lag",2
"Dunaliella","Glucose",1,"Lag",3
"Dunaliella","Glucose",1,"Log",1
"Dunaliella","Glucose",1,"Log",2
"Dunaliella","Glucose",1,"Log",3
"Dunaliella","Glucose",1,"Stat",1
"Dunaliella","Glucose",1,"Stat",2
"Dunaliella","Glucose",1,"Stat",3
"Dunaliella","Glucose",3,"Lag",1
"Dunaliella","Glucose",3,"Lag",2
"Dunaliella","Glucose",3,"Lag",3
"Dunaliella","Glucose",3,"Log",1
"Dunaliella","Glucose",3,"Log",2
"Dunaliella","Glucose",3,"Log",3
"Dunaliella","Glucose",3,"Stat",1
"Dunaliella","Glucose",3,"Stat",2
"Dunaliella","Glucose",3,"Stat",3
"Dunaliella","Glycerol",0,"Lag",1
"Dunaliella","Glycerol",0,"Lag",2
"Dunaliella","Glycerol",0,"Lag",3
"Dunaliella","Glycerol",0,"Log",1
"Dunaliella","Glycerol",0,"Log",2
"Dunaliella","Glycerol",0,"Log",3
"Dunaliella","Glycerol",0,"Stat",1
"Dunaliella","Glycerol",0,"Stat",2
"Dunaliella","Glycerol",0,"Stat",3
"Dunaliella","Glycerol",0.1,"Lag",1
"Dunaliella","Glycerol",0.1,"Lag",2
"Dunaliella","Glycerol",0.1,"Lag",3
"Dunaliella","Glycerol",0.1,"Log",1
"Dunaliella","Glycerol",0.1,"Log",2
"Dunaliella","Glycerol",0.1,"Log",3
"Dunaliella","Glycerol",0.1,"Stat",1
"Dunaliella","Glycerol",0.1,"Stat",2
"Dunaliella","Glycerol",0.1,"Stat",3
"Dunaliella","Glycerol",0.5,"Lag",1
"Dunaliella","Glycerol",0.5,"Lag",2
"Dunaliella","Glycerol",0.5,"Lag",3
"Dunaliella","Glycerol",0.5,"Log",1
"Dunaliella","Glycerol",0.5,"Log",2
"Dunaliella","Glycerol",0.5,"Log",3
"Dunaliella","Glycerol",0.5,"Stat",1
"Dunaliella","Glycerol",0.5,"Stat",2
"Dunaliella","Glycerol",0.5,"Stat",3
"Dunaliella","Glycerol",1,"Lag",1
"Dunaliella","Glycerol",1,"Lag",2
"Dunaliella","Glycerol",1,"Lag",3
"Dunaliella","Glycerol",1,"Log",1
"Dunaliella","Glycerol",1,"Log",2
"Dunaliella","Glycerol",1,"Log",3
"Dunaliella","Glycerol",1,"Stat",1
"Dunaliella","Glycerol",1,"Stat",2
"Dunaliella","Glycerol",1,"Stat",3
"Dunaliella","Glycerol",3,"Lag",1
"Dunaliella","Glycerol",3,"Lag",2
"Dunaliella","Glycerol",3,"Lag",3
"Dunaliella","Glycerol",3,"Log",1
"Dunaliella","Glycerol",3,"Log",2
"Dunaliella","Glycerol",3,"Log",3
"Dunaliella","Glycerol",3,"Stat",1
"Dunaliella","Glycerol",3,"Stat",2
"Dunaliella","Glycerol",3,"Stat",3
"Dunaliella","Methanol",0,"Lag",1
"Dunaliella","Methanol",0,"Lag",2
"Dunaliella","Methanol",0,"Lag",3
"Dunaliella","Methanol",0,"Log",1
"Dunaliella","Methanol",0,"Log",2
"Dunaliella","Methanol",0,"Log",3
"Dunaliella","Methanol",0,"Stat",1
"Dunaliella","Methanol",0,"Stat",2
"Dunaliella","Methanol",0,"Stat",3
"Dunaliella","Methanol",0.1,"Lag",1
"Dunaliella","Methanol",0.1,"Lag",2
"Dunaliella","Methanol",0.1,"Lag",3
"Dunaliella","Methanol",0.1,"Log",1
"Dunaliella","Methanol",0.1,"Log",2
"Dunaliella","Methanol",0.1,"Log",3
"Dunaliella","Methanol",0.1,"Stat",1
"Dunaliella","Methanol",0.1,"Stat",2
"Dunaliella","Methanol",0.1,"Stat",3
"Dunaliella","Methanol",0.5,"Lag",1
"Dunaliella","Methanol",0.5,"Lag",2
"Dunaliella","Methanol",0.5,"Lag",3
"Dunaliella","Methanol",0.5,"Log",1
"Dunaliella","Methanol",0.5,"Log",2
"Dunaliella","Methanol",0.5,"Log",3
"Dunaliella","Methanol",0.5,"Stat",1
"Dunaliella","Methanol",0.5,"Stat",2
"Dunaliella","Methanol",0.5,"Stat",3
"Dunaliella","Methanol",1,"Lag",1
"Dunaliella","Methanol",1,"Lag",2
"Dunaliella","Methanol",1,"Lag",3
"Dunaliella","Methanol",1,"Log",1
"Dunaliella","Methanol",1,"Log",2
"Dunaliella","Methanol",1,"Log",3
"Dunaliella","Methanol",1,"Stat",1
"Dunaliella","Methanol",1,"Stat",2
"Dunaliella","Methanol",1,"Stat",3
"Dunaliella","Methanol",3,"Lag",1
"Dunaliella","Methanol",3,"Lag",2
"Dunaliella","Methanol",3,"Lag",3
"Dunaliella","Methanol",3,"Log",1
"Dunaliella","Methanol",3,"Log",2
"Dunaliella","Methanol",3,"Log",3
"Dunaliella","Methanol",3,"Stat",1
"Dunaliella","Methanol",3,"Stat",2
"Dunaliella","Methanol",3,"Stat",3
"Nannochloropsis","Acetate",0,"Lag",1
"Nannochloropsis","Acetate",0,"Lag",2
"Nannochloropsis","Acetate",0,"Lag",3
"Nannochloropsis","Acetate",0,"Log",1
"Nannochloropsis","Acetate",0,"Log",2
"Nannochloropsis","Acetate",0,"Log",3
"Nannochloropsis","Acetate",0,"Stat",1
"Nannochloropsis","Acetate",0,"Stat",2
"Nannochloropsis","Acetate",0,"Stat",3
"Nannochloropsis","Acetate",0.1,"Lag",1
"Nannochloropsis","Acetate",0.1,"Lag",2
"Nannochloropsis","Acetate",0.1,"Lag",3
"Nannochloropsis","Acetate",0.1,"Log",1
"Nannochloropsis","Acetate",0.1,"Log",2
"Nannochloropsis","Acetate",0.1,"Log",3
"Nannochloropsis","Acetate",0.1,"Stat",1
"Nannochloropsis","Acetate",0.1,"Stat",2
"Nannochloropsis","Acetate",0.1,"Stat",3
"Nannochloropsis","Acetate",0.5,"Lag",1
"Nannochloropsis","Acetate",0.5,"Lag",2
"Nannochloropsis","Acetate",0.5,"Lag",3
"Nannochloropsis","Acetate",0.5,"Log",1
"Nannochloropsis","Acetate",0.5,"Log",2
"Nannochloropsis","Acetate",0.5,"Log",3
"Nannochloropsis","Acetate",0.5,"Stat",1
"Nannochloropsis","Acetate",0.5,"Stat",2
"Nannochloropsis","Acetate",0.5,"Stat",3
"Nannochloropsis","Acetate",1,"Lag",1
"Nannochloropsis","Acetate",1,"Lag",2
"Nannochloropsis","Acetate",1,"Lag",3
"Nannochloropsis","Acetate",1,"Log",1
"Nannochloropsis","Acetate",1,"Log",2
"Nannochloropsis","Acetate",1,"Log",3
"Nannochloropsis","Acetate",1,"Stat",1
"Nannochloropsis","Acetate",1,"Stat",2
"Nannochloropsis","Acetate",1,"Stat",3
"Nannochloropsis","Acetate",3,"Lag",1
"Nannochloropsis","Acetate",3,"Lag",2
"Nannochloropsis","Acetate",3,"Lag",3
"Nannochloropsis","Acetate",3,"Log",1
"Nannochloropsis","Acetate",3,"Log",2
"Nannochloropsis","Acetate",3,"Log",3
"Nannochloropsis","Acetate",3,"Stat",1
"Nannochloropsis","Acetate",3,"Stat",2
"Nannochloropsis","Acetate",3,"Stat",3
"Nannochloropsis","Ethanol",0,"Lag",1
"Nannochloropsis","Ethanol",0,"Lag",2
"Nannochloropsis","Ethanol",0,"Lag",3
"Nannochloropsis","Ethanol",0,"Log",1
"Nannochloropsis","Ethanol",0,"Log",2
"Nannochloropsis","Ethanol",0,"Log",3
"Nannochloropsis","Ethanol",0,"Stat",1
"Nannochloropsis","Ethanol",0,"Stat",2
"Nannochloropsis","Ethanol",0,"Stat",3
"Nannochloropsis","Ethanol",0.1,"Lag",1
"Nannochloropsis","Ethanol",0.1,"Lag",2
"Nannochloropsis","Ethanol",0.1,"Lag",3
"Nannochloropsis","Ethanol",0.1,"Log",1
"Nannochloropsis","Ethanol",0.1,"Log",2
"Nannochloropsis","Ethanol",0.1,"Log",3
"Nannochloropsis","Ethanol",0.1,"Stat",1
"Nannochloropsis","Ethanol",0.1,"Stat",2
"Nannochloropsis","Ethanol",0.1,"Stat",3
"Nannochloropsis","Ethanol",0.5,"Lag",1
"Nannochloropsis","Ethanol",0.5,"Lag",2
"Nannochloropsis","Ethanol",0.5,"Lag",3
"Nannochloropsis","Ethanol",0.5,"Log",1
"Nannochloropsis","Ethanol",0.5,"Log",2
"Nannochloropsis","Ethanol",0.5,"Log",3
"Nannochloropsis","Ethanol",0.5,"Stat",1
"Nannochloropsis","Ethanol",0.5,"Stat",2
"Nannochloropsis","Ethanol",0.5,"Stat",3
"Nannochloropsis","Ethanol",1,"Lag",1
"Nannochloropsis","Ethanol",1,"Lag",2
"Nannochloropsis","Ethanol",1,"Lag",3
"Nannochloropsis","Ethanol",1,"Log",1
"Nannochloropsis","Ethanol",1,"Log",2
"Nannochloropsis","Ethanol",1,"Log",3
"Nannochloropsis","Ethanol",1,"Stat",1
"Nannochloropsis","Ethanol",1,"Stat",2
"Nannochloropsis","Ethanol",1,"Stat",3
"Nannochloropsis","Ethanol",3,"Lag",1
"Nannochloropsis","Ethanol",3,"Lag",2
"Nannochloropsis","Ethanol",3,"Lag",3
"Nannochloropsis","Ethanol",3,"Log",1
"Nannochloropsis","Ethanol",3,"Log",2
"Nannochloropsis","Ethanol",3,"Log",3
"Nannochloropsis","Ethanol",3,"Stat",1
"Nannochloropsis","Ethanol",3,"Stat",2
"Nannochloropsis","Ethanol",3,"Stat",3
"Nannochloropsis","Glucose",0,"Lag",1
"Nannochloropsis","Glucose",0,"Lag",2
"Nannochloropsis","Glucose",0,"Lag",3
"Nannochloropsis","Glucose",0,"Log",1
"Nannochloropsis","Glucose",0,"Log",2
"Nannochloropsis","Glucose",0,"Log",3
"Nannochloropsis","Glucose",0,"Stat",1
"Nannochloropsis","Glucose",0,"Stat",2
"Nannochloropsis","Glucose",0,"Stat",3
"Nannochloropsis","Glucose",0.1,"Lag",1
"Nannochloropsis","Glucose",0.1,"Lag",2
"Nannochloropsis","Glucose",0.1,"Lag",3
"Nannochloropsis","Glucose",0.1,"Log",1
"Nannochloropsis","Glucose",0.1,"Log",2
"Nannochloropsis","Glucose",0.1,"Log",3
"Nannochloropsis","Glucose",0.1,"Stat",1
"Nannochloropsis","Glucose",0.1,"Stat",2
"Nannochloropsis","Glucose",0.1,"Stat",3
"Nannochloropsis","Glucose",0.5,"Lag",1
"Nannochloropsis","Glucose",0.5,"Lag",2
"Nannochloropsis","Glucose",0.5,"Lag",3
"Nannochloropsis","Glucose",0.5,"Log",1
"Nannochloropsis","Glucose",0.5,"Log",2
"Nannochloropsis","Glucose",0.5,"Log",3
"Nannochloropsis","Glucose",0.5,"Stat",1
"Nannochloropsis","Glucose",0.5,"Stat",2
"Nannochloropsis","Glucose",0.5,"Stat",3
"Nannochloropsis","Glucose",1,"Lag",1
"Nannochloropsis","Glucose",1,"Lag",2
"Nannochloropsis","Glucose",1,"Lag",3
"Nannochloropsis","Glucose",1,"Log",1
"Nannochloropsis","Glucose",1,"Log",2
"Nannochloropsis","Glucose",1,"Log",3
"Nannochloropsis","Glucose",1,"Stat",1
"Nannochloropsis","Glucose",1,"Stat",2
"Nannochloropsis","Glucose",1,"Stat",3
"Nannochloropsis","Glucose",3,"Lag",1
"Nannochloropsis","Glucose",3,"Lag",2
"Nannochloropsis","Glucose",3,"Lag",3
"Nannochloropsis","Glucose",3,"Log",1
"Nannochloropsis","Glucose",3,"Log",2
"Nannochloropsis","Glucose",3,"Log",3
"Nannochloropsis","Glucose",3,"Stat",1
"Nannochloropsis","Glucose",3,"Stat",2
"Nannochloropsis","Glucose",3,"Stat",3
"Nannochloropsis","Glycerol",0,"Lag",1
"Nannochloropsis","Glycerol",0,"Lag",2
"Nannochloropsis","Glycerol",0,"Lag",3
"Nannochloropsis","Glycerol",0,"Log",1
"Nannochloropsis","Glycerol",0,"Log",2
"Nannochloropsis","Glycerol",0,"Log",3
"Nannochloropsis","Glycerol",0,"Stat",1
"Nannochloropsis","Glycerol",0,"Stat",2
"Nannochloropsis","Glycerol",0,"Stat",3
"Nannochloropsis","Glycerol",0.1,"Lag",1
"Nannochloropsis","Glycerol",0.1,"Lag",2
"Nannochloropsis","Glycerol",0.1,"Lag",3
"Nannochloropsis","Glycerol",0.1,"Log",1
"Nannochloropsis","Glycerol",0.1,"Log",2
"Nannochloropsis","Glycerol",0.1,"Log",3
"Nannochloropsis","Glycerol",0.1,"Stat",1
"Nannochloropsis","Glycerol",0.1,"Stat",2
"Nannochloropsis","Glycerol",0.1,"Stat",3
"Nannochloropsis","Glycerol",0.5,"Lag",1
"Nannochloropsis","Glycerol",0.5,"Lag",2
"Nannochloropsis","Glycerol",0.5,"Lag",3
"Nannochloropsis","Glycerol",0.5,"Log",1
"Nannochloropsis","Glycerol",0.5,"Log",2
"Nannochloropsis","Glycerol",0.5,"Log",3
"Nannochloropsis","Glycerol",0.5,"Stat",1
"Nannochloropsis","Glycerol",0.5,"Stat",2
"Nannochloropsis","Glycerol",0.5,"Stat",3
"Nannochloropsis","Glycerol",1,"Lag",1
"Nannochloropsis","Glycerol",1,"Lag",2
"Nannochloropsis","Glycerol",1,"Lag",3
"Nannochloropsis","Glycerol",1,"Log",1
"Nannochloropsis","Glycerol",1,"Log",2
"Nannochloropsis","Glycerol",1,"Log",3
"Nannochloropsis","Glycerol",1,"Stat",1
"Nannochloropsis","Glycerol",1,"Stat",2
"Nannochloropsis","Glycerol",1,"Stat",3
"Nannochloropsis","Glycerol",3,"Lag",1
"Nannochloropsis","Glycerol",3,"Lag",2
"Nannochloropsis","Glycerol",3,"Lag",3
"Nannochloropsis","Glycerol",3,"Log",1
"Nannochloropsis","Glycerol",3,"Log",2
"Nannochloropsis","Glycerol",3,"Log",3
"Nannochloropsis","Glycerol",3,"Stat",1
"Nannochloropsis","Glycerol",3,"Stat",2
"Nannochloropsis","Glycerol",3,"Stat",3
"Nannochloropsis","Methanol",0,"Lag",1
"Nannochloropsis","Methanol",0,"Lag",2
"Nannochloropsis","Methanol",0,"Lag",3
"Nannochloropsis","Methanol",0,"Log",1
"Nannochloropsis","Methanol",0,"Log",2
"Nannochloropsis","Methanol",0,"Log",3
"Nannochloropsis","Methanol",0,"Stat",1
"Nannochloropsis","Methanol",0,"Stat",2
"Nannochloropsis","Methanol",0,"Stat",3
"Nannochloropsis","Methanol",0.1,"Lag",1
"Nannochloropsis","Methanol",0.1,"Lag",2
"Nannochloropsis","Methanol",0.1,"Lag",3
"Nannochloropsis","Methanol",0.1,"Log",1
"Nannochloropsis","Methanol",0.1,"Log",2
"Nannochloropsis","Methanol",0.1,"Log",3
"Nannochloropsis","Methanol",0.1,"Stat",1
"Nannochloropsis","Methanol",0.1,"Stat",2
"Nannochloropsis","Methanol",0.1,"Stat",3
"Nannochloropsis","Methanol",0.5,"Lag",1
"Nannochloropsis","Methanol",0.5,"Lag",2
"Nannochloropsis","Methanol",0.5,"Lag",3
"Nannochloropsis","Methanol",0.5,"Log",1
"Nannochloropsis","Methanol",0.5,"Log",2
"Nannochloropsis","Methanol",0.5,"Log",3
"Nannochloropsis","Methanol",0.5,"Stat",1
"Nannochloropsis","Methanol",0.5,"Stat",2
"Nannochloropsis","Methanol",0.5,"Stat",3
"Nannochloropsis","Methanol",1,"Lag",1
"Nannochloropsis","Methanol",1,"Lag",2
"Nannochloropsis","Methanol",1,"Lag",3
"Nannochloropsis","Methanol",1,"Log",1
"Nannochloropsis","Methanol",1,"Log",2
"Nannochloropsis","Methanol",1,"Log",3
"Nannochloropsis","Methanol",1,"Stat",1
"Nannochloropsis","Methanol",1,"Stat",2
"Nannochloropsis","Methanol",1,"Stat",3
"Nannochloropsis","Methanol",3,"Lag",1
"Nannochloropsis","Methanol",3,"Lag",2
"Nannochloropsis","Methanol",3,"Lag",3
"Nannochloropsis","Methanol",3,"Log",1
"Nannochloropsis","Methanol",3,"Log",2
"Nannochloropsis","Methanol",3,"Log",3
"Nannochloropsis","Methanol",3,"Stat",1
"Nannochloropsis","Methanol",3,"Stat",2
"Nannochloropsis","Methanol",3,"Stat",3
"Navicula","Acetate",0,"Lag",1
"Navicula","Acetate",0,"Lag",2
"Navicula","Acetate",0,"Lag",3
"Navicula","Acetate",0,"Log",1
"Navicula","Acetate",0,"Log",2
"Navicula","Acetate",0,"Log",3
"Navicula","Acetate",0,"Stat",1
"Navicula","Acetate",0,"Stat",2
"Navicula","Acetate",0,"Stat",3
"Navicula","Acetate",0.1,"Lag",1
"Navicula","Acetate",0.1,"Lag",2
"Navicula","Acetate",0.1,"Lag",3
"Navicula","Acetate",0.1,"Log",1
"Navicula","Acetate",0.1,"Log",2
"Navicula","Acetate",0.1,"Log",3
"Navicula","Acetate",0.1,"Stat",1
"Navicula","Acetate",0.1,"Stat",2
"Navicula","Acetate",0.1,"Stat",3
"Navicula","Acetate",0.5,"Lag",1
"Navicula","Acetate",0.5,"Lag",2
"Navicula","Acetate",0.5,"Lag",3
"Navicula","Acetate",0.5,"Log",1
"Navicula","Acetate",0.5,"Log",2
"Navicula","Acetate",0.5,"Log",3
"Navicula","Acetate",0.5,"Stat",1
"Navicula","Acetate",0.5,"Stat",2
"Navicula","Acetate",0.5,"Stat",3
"Navicula","Acetate",1,"Lag",1
"Navicula","Acetate",1,"Lag",2
"Navicula","Acetate",1,"Lag",3
"Navicula","Acetate",1,"Log",1
"Navicula","Acetate",1,"Log",2
"Navicula","Acetate",1,"Log",3
"Navicula","Acetate",1,"Stat",1
"Navicula","Acetate",1,"Stat",2
"Navicula","Acetate",1,"Stat",3
"Navicula","Acetate",3,"Lag",1
"Navicula","Acetate",3,"Lag",2
"Navicula","Acetate",3,"Lag",3
"Navicula","Acetate",3,"Log",1
"Navicula","Acetate",3,"Log",2
"Navicula","Acetate",3,"Log",3
"Navicula","Acetate",3,"Stat",1
"Navicula","Acetate",3,"Stat",2
"Navicula","Acetate",3,"Stat",3
"Navicula","Ethanol",0,"Lag",1
"Navicula","Ethanol",0,"Lag",2
"Navicula","Ethanol",0,"Lag",3
"Navicula","Ethanol",0,"Log",1
"Navicula","Ethanol",0,"Log",2
"Navicula","Ethanol",0,"Log",3
"Navicula","Ethanol",0,"Stat",1
"Navicula","Ethanol",0,"Stat",2
"Navicula","Ethanol",0,"Stat",3
"Navicula","Ethanol",0.1,"Lag",1
"Navicula","Ethanol",0.1,"Lag",2
"Navicula","Ethanol",0.1,"Lag",3
"Navicula","Ethanol",0.1,"Log",1
"Navicula","Ethanol",0.1,"Log",2
"Navicula","Ethanol",0.1,"Log",3
"Navicula","Ethanol",0.1,"Stat",1
"Navicula","Ethanol",0.1,"Stat",2
"Navicula","Ethanol",0.1,"Stat",3
"Navicula","Ethanol",0.5,"Lag",1
"Navicula","Ethanol",0.5,"Lag",2
"Navicula","Ethanol",0.5,"Lag",3
"Navicula","Ethanol",0.5,"Log",1
"Navicula","Ethanol",0.5,"Log",2
"Navicula","Ethanol",0.5,"Log",3
"Navicula","Ethanol",0.5,"Stat",1
"Navicula","Ethanol",0.5,"Stat",2
"Navicula","Ethanol",0.5,"Stat",3
"Navicula","Ethanol",1,"Lag",1
"Navicula","Ethanol",1,"Lag",2
"Navicula","Ethanol",1,"Lag",3
"Navicula","Ethanol",1,"Log",1
"Navicula","Ethanol",1,"Log",2
"Navicula","Ethanol",1,"Log",3
"Navicula","Ethanol",1,"Stat",1
"Navicula","Ethanol",1,"Stat",2
"Navicula","Ethanol",1,"Stat",3
"Navicula","Ethanol",3,"Lag",1
"Navicula","Ethanol",3,"Lag",2
"Navicula","Ethanol",3,"Lag",3
"Navicula","Ethanol",3,"Log",1
"Navicula","Ethanol",3,"Log",2
"Navicula","Ethanol",3,"Log",3
"Navicula","Ethanol",3,"Stat",1
"Navicula","Ethanol",3,"Stat",2
"Navicula","Ethanol",3,"Stat",3
"Navicula","Glucose",0,"Lag",1
"Navicula","Glucose",0,"Lag",2
"Navicula","Glucose",0,"Lag",3
"Navicula","Glucose",0,"Log",1
"Navicula","Glucose",0,"Log",2
"Navicula","Glucose",0,"Log",3
"Navicula","Glucose",0,"Stat",1
"Navicula","Glucose",0,"Stat",2
"Navicula","Glucose",0,"Stat",3
"Navicula","Glucose",0.1,"Lag",1
"Navicula","Glucose",0.1,"Lag",2
"Navicula","Glucose",0.1,"Lag",3
"Navicula","Glucose",0.1,"Log",1
"Navicula","Glucose",0.1,"Log",2
"Navicula","Glucose",0.1,"Log",3
"Navicula","Glucose",0.1,"Stat",1
"Navicula","Glucose",0.1,"Stat",2
"Navicula","Glucose",0.1,"Stat",3
"Navicula","Glucose",0.5,"Lag",1
"Navicula","Glucose",0.5,"Lag",2
"Navicula","Glucose",0.5,"Lag",3
"Navicula","Glucose",0.5,"Log",1
"Navicula","Glucose",0.5,"Log",2
"Navicula","Glucose",0.5,"Log",3
"Navicula","Glucose",0.5,"Stat",1
"Navicula","Glucose",0.5,"Stat",2
"Navicula","Glucose",0.5,"Stat",3
"Navicula","Glucose",1,"Lag",1
"Navicula","Glucose",1,"Lag",2
"Navicula","Glucose",1,"Lag",3
"Navicula","Glucose",1,"Log",1
"Navicula","Glucose",1,"Log",2
"Navicula","Glucose",1,"Log",3
"Navicula","Glucose",1,"Stat",1
"Navicula","Glucose",1,"Stat",2
"Navicula","Glucose",1,"Stat",3
"Navicula","Glucose",3,"Lag",1
"Navicula","Glucose",3,"Lag",2
"Navicula","Glucose",3,"Lag",3
"Navicula","Glucose",3,"Log",1
"Navicula","Glucose",3,"Log",2
"Navicula","Glucose",3,"Log",3
"Navicula","Glucose",3,"Stat",1
"Navicula","Glucose",3,"Stat",2
"Navicula","Glucose",3,"Stat",3
"Navicula","Glycerol",0,"Lag",1
"Navicula","Glycerol",0,"Lag",2
"Navicula","Glycerol",0,"Lag",3
"Navicula","Glycerol",0,"Log",1
"Navicula","Glycerol",0,"Log",2
"Navicula","Glycerol",0,"Log",3
"Navicula","Glycerol",0,"Stat",1
"Navicula","Glycerol",0,"Stat",2
"Navicula","Glycerol",0,"Stat",3
"Navicula","Glycerol",0.1,"Lag",1
"Navicula","Glycerol",0.1,"Lag",2
"Navicula","Glycerol",0.1,"Lag",3
"Navicula","Glycerol",0.1,"Log",1
"Navicula","Glycerol",0.1,"Log",2
"Navicula","Glycerol",0.1,"Log",3
"Navicula","Glycerol",0.1,"Stat",1
"Navicula","Glycerol",0.1,"Stat",2
"Navicula","Glycerol",0.1,"Stat",3
"Navicula","Glycerol",0.5,"Lag",1
"Navicula","Glycerol",0.5,"Lag",2
"Navicula","Glycerol",0.5,"Lag",3
"Navicula","Glycerol",0.5,"Log",1
"Navicula","Glycerol",0.5,"Log",2
"Navicula","Glycerol",0.5,"Log",3
"Navicula","Glycerol",0.5,"Stat",1
"Navicula","Glycerol",0.5,"Stat",2
"Navicula","Glycerol",0.5,"Stat",3
"Navicula","Glycerol",1,"Lag",1
"Navicula","Glycerol",1,"Lag",2
"Navicula","Glycerol",1,"Lag",3
"Navicula","Glycerol",1,"Log",1
"Navicula","Glycerol",1,"Log",2
"Navicula","Glycerol",1,"Log",3
"Navicula","Glycerol",1,"Stat",1
"Navicula","Glycerol",1,"Stat",2
"Navicula","Glycerol",1,"Stat",3
"Navicula","Glycerol",3,"Lag",1
"Navicula","Glycerol",3,"Lag",2
"Navicula","Glycerol",3,"Lag",3
"Navicula","Glycerol",3,"Log",1
"Navicula","Glycerol",3,"Log",2
"Navicula","Glycerol",3,"Log",3
"Navicula","Glycerol",3,"Stat",1
"Navicula","Glycerol",3,"Stat",2
"Navicula","Glycerol",3,"Stat",3
"Navicula","Methanol",0,"Lag",1
"Navicula","Methanol",0,"Lag",2
"Navicula","Methanol",0,"Lag",3
"Navicula","Methanol",0,"Log",1
"Navicula","Methanol",0,"Log",2
"Navicula","Methanol",0,"Log",3
"Navicula","Methanol",0,"Stat",1
"Navicula","Methanol",0,"Stat",2
"Navicula","Methanol",0,"Stat",3
"Navicula","Methanol",0.1,"Lag",1
"Navicula","Methanol",0.1,"Lag",2
"Navicula","Methanol",0.1,"Lag",3
"Navicula","Methanol",0.1,"Log",1
"Navicula","Methanol",0.1,"Log",2
"Navicula","Methanol",0.1,"Log",3
"Navicula","Methanol",0.1,"Stat",1
"Navicula","Methanol",0.1,"Stat",2
"Navicula","Methanol",0.1,"Stat",3
"Navicula","Methanol",0.5,"Lag",1
"Navicula","Methanol",0.5,"Lag",2
"Navicula","Methanol",0.5,"Lag",3
"Navicula","Methanol",0.5,"Log",1
"Navicula","Methanol",0.5,"Log",2
"Navicula","Methanol",0.5,"Log",3
"Navicula","Methanol",0.5,"Stat",1
"Navicula","Methanol",0.5,"Stat",2
"Navicula","Methanol",0.5,"Stat",3
"Navicula","Methanol",1,"Lag",1
"Navicula","Methanol",1,"Lag",2
"Navicula","Methanol",1,"Lag",3
"Navicula","Methanol",1,"Log",1
"Navicula","Methanol",1,"Log",2
"Navicula","Methanol",1,"Log",3
"Navicula","Methanol",1,"Stat",1
"Navicula","Methanol",1,"Stat",2
"Navicula","Methanol",1,"Stat",3
"Navicula","Methanol",3,"Lag",1
"Navicula","Methanol",3,"Lag",2
"Navicula","Methanol",3,"Lag",3
"Navicula","Methanol",3,"Log",1
"Navicula","Methanol",3,"Log",2
"Navicula","Methanol",3,"Log",3
"Navicula","Methanol",3,"Stat",1
"Navicula","Methanol",3,"Stat",2
"Navicula","Methanol",3,"Stat",3
"Phaeodactylum","Acetate",0,"Lag",1
"Phaeodactylum","Acetate",0,"Lag",2
"Phaeodactylum","Acetate",0,"Lag",3
"Phaeodactylum","Acetate",0,"Log",1
"Phaeodactylum","Acetate",0,"Log",2
"Phaeodactylum","Acetate",0,"Log",3
"Phaeodactylum","Acetate",0,"Stat",1
"Phaeodactylum","Acetate",0,"Stat",2
"Phaeodactylum","Acetate",0,"Stat",3
"Phaeodactylum","Acetate",0.1,"Lag",1
"Phaeodactylum","Acetate",0.1,"Lag",2
"Phaeodactylum","Acetate",0.1,"Lag",3
"Phaeodactylum","Acetate",0.1,"Log",1
"Phaeodactylum","Acetate",0.1,"Log",2
"Phaeodactylum","Acetate",0.1,"Log",3
"Phaeodactylum","Acetate",0.1,"Stat",1
"Phaeodactylum","Acetate",0.1,"Stat",2
"Phaeodactylum","Acetate",0.1,"Stat",3
"Phaeodactylum","Acetate",0.5,"Lag",1
"Phaeodactylum","Acetate",0.5,"Lag",2
"Phaeodactylum","Acetate",0.5,"Lag",3
"Phaeodactylum","Acetate",0.5,"Log",1
"Phaeodactylum","Acetate",0.5,"Log",2
"Phaeodactylum","Acetate",0.5,"Log",3
"Phaeodactylum","Acetate",0.5,"Stat",1
"Phaeodactylum","Acetate",0.5,"Stat",2
"Phaeodactylum","Acetate",0.5,"Stat",3
"Phaeodactylum","Acetate",1,"Lag",1
"Phaeodactylum","Acetate",1,"Lag",2
"Phaeodactylum","Acetate",1,"Lag",3
"Phaeodactylum","Acetate",1,"Log",1
"Phaeodactylum","Acetate",1,"Log",2
"Phaeodactylum","Acetate",1,"Log",3
"Phaeodactylum","Acetate",1,"Stat",1
"Phaeodactylum","Acetate",1,"Stat",2
"Phaeodactylum","Acetate",1,"Stat",3
"Phaeodactylum","Acetate",3,"Lag",1
"Phaeodactylum","Acetate",3,"Lag",2
"Phaeodactylum","Acetate",3,"Lag",3
"Phaeodactylum","Acetate",3,"Log",1
"Phaeodactylum","Acetate",3,"Log",2
"Phaeodactylum","Acetate",3,"Log",3
"Phaeodactylum","Acetate",3,"Stat",1
"Phaeodactylum","Acetate",3,"Stat",2
"Phaeodactylum","Acetate",3,"Stat",3
"Phaeodactylum","Ethanol",0,"Lag",1
"Phaeodactylum","Ethanol",0,"Lag",2
"Phaeodactylum","Ethanol",0,"Lag",3
"Phaeodactylum","Ethanol",0,"Log",1
"Phaeodactylum","Ethanol",0,"Log",2
"Phaeodactylum","Ethanol",0,"Log",3
"Phaeodactylum","Ethanol",0,"Stat",1
"Phaeodactylum","Ethanol",0,"Stat",2
"Phaeodactylum","Ethanol",0,"Stat",3
"Phaeodactylum","Ethanol",0.1,"Lag",1
"Phaeodactylum","Ethanol",0.1,"Lag",2
"Phaeodactylum","Ethanol",0.1,"Lag",3
"Phaeodactylum","Ethanol",0.1,"Log",1
"Phaeodactylum","Ethanol",0.1,"Log",2
"Phaeodactylum","Ethanol",0.1,"Log",3
"Phaeodactylum","Ethanol",0.1,"Stat",1
"Phaeodactylum","Ethanol",0.1,"Stat",2
"Phaeodactylum","Ethanol",0.1,"Stat",3
"Phaeodactylum","Ethanol",0.5,"Lag",1
"Phaeodactylum","Ethanol",0.5,"Lag",2
"Phaeodactylum","Ethanol",0.5,"Lag",3
"Phaeodactylum","Ethanol",0.5,"Log",1
"Phaeodactylum","Ethanol",0.5,"Log",2
"Phaeodactylum","Ethanol",0.5,"Log",3
"Phaeodactylum","Ethanol",0.5,"Stat",1
"Phaeodactylum","Ethanol",0.5,"Stat",2
"Phaeodactylum","Ethanol",0.5,"Stat",3
"Phaeodactylum","Ethanol",1,"Lag",1
"Phaeodactylum","Ethanol",1,"Lag",2
"Phaeodactylum","Ethanol",1,"Lag",3
"Phaeodactylum","Ethanol",1,"Log",1
"Phaeodactylum","Ethanol",1,"Log",2
"Phaeodactylum","Ethanol",1,"Log",3
"Phaeodactylum","Ethanol",1,"Stat",1
"Phaeodactylum","Ethanol",1,"Stat",2
"Phaeodactylum","Ethanol",1,"Stat",3
"Phaeodactylum","Ethanol",3,"Lag",1
"Phaeodactylum","Ethanol",3,"Lag",2
"Phaeodactylum","Ethanol",3,"Lag",3
"Phaeodactylum","Ethanol",3,"Log",1
"Phaeodactylum","Ethanol",3,"Log",2
"Phaeodactylum","Ethanol",3,"Log",3
"Phaeodactylum","Ethanol",3,"Stat",1
"Phaeodactylum","Ethanol",3,"Stat",2
"Phaeodactylum","Ethanol",3,"Stat",3
"Phaeodactylum","Glucose",0,"Lag",1
"Phaeodactylum","Glucose",0,"Lag",2
"Phaeodactylum","Glucose",0,"Lag",3
"Phaeodactylum","Glucose",0,"Log",1
"Phaeodactylum","Glucose",0,"Log",2
"Phaeodactylum","Glucose",0,"Log",3
"Phaeodactylum","Glucose",0,"Stat",1
"Phaeodactylum","Glucose",0,"Stat",2
"Phaeodactylum","Glucose",0,"Stat",3
"Phaeodactylum","Glucose",0.1,"Lag",1
"Phaeodactylum","Glucose",0.1,"Lag",2
"Phaeodactylum","Glucose",0.1,"Lag",3
"Phaeodactylum","Glucose",0.1,"Log",1
"Phaeodactylum","Glucose",0.1,"Log",2
"Phaeodactylum","Glucose",0.1,"Log",3
"Phaeodactylum","Glucose",0.1,"Stat",1
"Phaeodactylum","Glucose",0.1,"Stat",2
"Phaeodactylum","Glucose",0.1,"Stat",3
"Phaeodactylum","Glucose",0.5,"Lag",1
"Phaeodactylum","Glucose",0.5,"Lag",2
"Phaeodactylum","Glucose",0.5,"Lag",3
"Phaeodactylum","Glucose",0.5,"Log",1
"Phaeodactylum","Glucose",0.5,"Log",2
"Phaeodactylum","Glucose",0.5,"Log",3
"Phaeodactylum","Glucose",0.5,"Stat",1
"Phaeodactylum","Glucose",0.5,"Stat",2
"Phaeodactylum","Glucose",0.5,"Stat",3
"Phaeodactylum","Glucose",1,"Lag",1
"Phaeodactylum","Glucose",1,"Lag",2
"Phaeodactylum","Glucose",1,"Lag",3
"Phaeodactylum","Glucose",1,"Log",1
"Phaeodactylum","Glucose",1,"Log",2
"Phaeodactylum","Glucose",1,"Log",3
"Phaeodactylum","Glucose",1,"Stat",1
"Phaeodactylum","Glucose",1,"Stat",2
"Phaeodactylum","Glucose",1,"Stat",3
"Phaeodactylum","Glucose",3,"Lag",1
"Phaeodactylum","Glucose",3,"Lag",2
"Phaeodactylum","Glucose",3,"Lag",3
"Phaeodactylum","Glucose",3,"Log",1
"Phaeodactylum","Glucose",3,"Log",2
"Phaeodactylum","Glucose",3,"Log",3
"Phaeodactylum","Glucose",3,"Stat",1
"Phaeodactylum","Glucose",3,"Stat",2
"Phaeodactylum","Glucose",3,"Stat",3
"Phaeodactylum","Glycerol",0,"Lag",1
"Phaeodactylum","Glycerol",0,"Lag",2
"Phaeodactylum","Glycerol",0,"Lag",3
"Phaeodactylum","Glycerol",0,"Log",1
"Phaeodactylum","Glycerol",0,"Log",2
"Phaeodactylum","Glycerol",0,"Log",3
"Phaeodactylum","Glycerol",0,"Stat",1
"Phaeodactylum","Glycerol",0,"Stat",2
"Phaeodactylum","Glycerol",0,"Stat",3
"Phaeodactylum","Glycerol",0.1,"Lag",1
"Phaeodactylum","Glycerol",0.1,"Lag",2
"Phaeodactylum","Glycerol",0.1,"Lag",3
"Phaeodactylum","Glycerol",0.1,"Log",1
"Phaeodactylum","Glycerol",0.1,"Log",2
"Phaeodactylum","Glycerol",0.1,"Log",3
"Phaeodactylum","Glycerol",0.1,"Stat",1
"Phaeodactylum","Glycerol",0.1,"Stat",2
"Phaeodactylum","Glycerol",0.1,"Stat",3
"Phaeodactylum","Glycerol",0.5,"Lag",1
"Phaeodactylum","Glycerol",0.5,"Lag",2
"Phaeodactylum","Glycerol",0.5,"Lag",3
"Phaeodactylum","Glycerol",0.5,"Log",1
"Phaeodactylum","Glycerol",0.5,"Log",2
"Phaeodactylum","Glycerol",0.5,"Log",3
"Phaeodactylum","Glycerol",0.5,"Stat",1
"Phaeodactylum","Glycerol",0.5,"Stat",2
"Phaeodactylum","Glycerol",0.5,"Stat",3
"Phaeodactylum","Glycerol",1,"Lag",1
"Phaeodactylum","Glycerol",1,"Lag",2
"Phaeodactylum","Glycerol",1,"Lag",3
"Phaeodactylum","Glycerol",1,"Log",1
"Phaeodactylum","Glycerol",1,"Log",2
"Phaeodactylum","Glycerol",1,"Log",3
"Phaeodactylum","Glycerol",1,"Stat",1
"Phaeodactylum","Glycerol",1,"Stat",2
"Phaeodactylum","Glycerol",1,"Stat",3
"Phaeodactylum","Glycerol",3,"Lag",1
"Phaeodactylum","Glycerol",3,"Lag",2
"Phaeodactylum","Glycerol",3,"Lag",3
"Phaeodactylum","Glycerol",3,"Log",1
"Phaeodactylum","Glycerol",3,"Log",2
"Phaeodactylum","Glycerol",3,"Log",3
"Phaeodactylum","Glycerol",3,"Stat",1
"Phaeodactylum","Glycerol",3,"Stat",2
"Phaeodactylum","Glycerol",3,"Stat",3
"Phaeodactylum","Methanol",0,"Lag",1
"Phaeodactylum","Methanol",0,"Lag",2
"Phaeodactylum","Methanol",0,"Lag",3
"Phaeodactylum","Methanol",0,"Log",1
"Phaeodactylum","Methanol",0,"Log",2
"Phaeodactylum","Methanol",0,"Log",3
"Phaeodactylum","Methanol",0,"Stat",1
"Phaeodactylum","Methanol",0,"Stat",2
"Phaeodactylum","Methanol",0,"Stat",3
"Phaeodactylum","Methanol",0.1,"Lag",1
"Phaeodactylum","Methanol",0.1,"Lag",2
"Phaeodactylum","Methanol",0.1,"Lag",3
"Phaeodactylum","Methanol",0.1,"Log",1
"Phaeodactylum","Methanol",0.1,"Log",2
"Phaeodactylum","Methanol",0.1,"Log",3
"Phaeodactylum","Methanol",0.1,"Stat",1
"Phaeodactylum","Methanol",0.1,"Stat",2
"Phaeodactylum","Methanol",0.1,"Stat",3
"Phaeodactylum","Methanol",0.5,"Lag",1
"Phaeodactylum","Methanol",0.5,"Lag",2
"Phaeodactylum","Methanol",0.5,"Lag",3
"Phaeodactylum","Methanol",0.5,"Log",1
"Phaeodactylum","Methanol",0.5,"Log",2
"Phaeodactylum","Methanol",0.5,"Log",3
"Phaeodactylum","Methanol",0.5,"Stat",1
"Phaeodactylum","Methanol",0.5,"Stat",2
"Phaeodactylum","Methanol",0.5,"Stat",3
"Phaeodactylum","Methanol",1,"Lag",1
"Phaeodactylum","Methanol",1,"Lag",2
"Phaeodactylum","Methanol",1,"Lag",3
"Phaeodactylum","Methanol",1,"Log",1
"Phaeodactylum","Methanol",1,"Log",2
"Phaeodactylum","Methanol",1,"Log",3
"Phaeodactylum","Methanol",1,"Stat",1
"Phaeodactylum","Methanol",1,"Stat",2
"Phaeodactylum","Methanol",1,"Stat",3
"Phaeodactylum","Methanol",3,"Lag",1
"Phaeodactylum","Methanol",3,"Lag",2
"Phaeodactylum","Methanol",3,"Lag",3
"Phaeodactylum","Methanol",3,"Log",1
"Phaeodactylum","Methanol",3,"Log",2
"Phaeodactylum","Methanol",3,"Log",3
"Phaeodactylum","Methanol",3,"Stat",1
"Phaeodactylum","Methanol",3,"Stat",2
"Phaeodactylum","Methanol",3,"Stat",3
"Scenedesmus","Acetate",0,"Lag",1
"Scenedesmus","Acetate",0,"Lag",2
"Scenedesmus","Acetate",0,"Lag",3
"Scenedesmus","Acetate",0,"Log",1
"Scenedesmus","Acetate",0,"Log",2
"Scenedesmus","Acetate",0,"Log",3
"Scenedesmus","Acetate",0,"Stat",1
"Scenedesmus","Acetate",0,"Stat",2
"Scenedesmus","Acetate",0,"Stat",3
"Scenedesmus","Acetate",0.1,"Lag",1
"Scenedesmus","Acetate",0.1,"Lag",2
"Scenedesmus","Acetate",0.1,"Lag",3
"Scenedesmus","Acetate",0.1,"Log",1
"Scenedesmus","Acetate",0.1,"Log",2
"Scenedesmus","Acetate",0.1,"Log",3
"Scenedesmus","Acetate",0.1,"Stat",1
"Scenedesmus","Acetate",0.1,"Stat",2
"Scenedesmus","Acetate",0.1,"Stat",3
"Scenedesmus","Acetate",0.5,"Lag",1
"Scenedesmus","Acetate",0.5,"Lag",2
"Scenedesmus","Acetate",0.5,"Lag",3
"Scenedesmus","Acetate",0.5,"Log",1
"Scenedesmus","Acetate",0.5,"Log",2
"Scenedesmus","Acetate",0.5,"Log",3
"Scenedesmus","Acetate",0.5,"Stat",1
"Scenedesmus","Acetate",0.5,"Stat",2
"Scenedesmus","Acetate",0.5,"Stat",3
"Scenedesmus","Acetate",1,"Lag",1
"Scenedesmus","Acetate",1,"Lag",2
"Scenedesmus","Acetate",1,"Lag",3
"Scenedesmus","Acetate",1,"Log",1
"Scenedesmus","Acetate",1,"Log",2
"Scenedesmus","Acetate",1,"Log",3
"Scenedesmus","Acetate",1,"Stat",1
"Scenedesmus","Acetate",1,"Stat",2
"Scenedesmus","Acetate",1,"Stat",3
"Scenedesmus","Acetate",3,"Lag",1
"Scenedesmus","Acetate",3,"Lag",2
"Scenedesmus","Acetate",3,"Lag",3
"Scenedesmus","Acetate",3,"Log",1
"Scenedesmus","Acetate",3,"Log",2
"Scenedesmus","Acetate",3,"Log",3
"Scenedesmus","Acetate",3,"Stat",1
"Scenedesmus","Acetate",3,"Stat",2
"Scenedesmus","Acetate",3,"Stat",3
"Scenedesmus","Ethanol",0,"Lag",1
"Scenedesmus","Ethanol",0,"Lag",2
"Scenedesmus","Ethanol",0,"Lag",3
"Scenedesmus","Ethanol",0,"Log",1
"Scenedesmus","Ethanol",0,"Log",2
"Scenedesmus","Ethanol",0,"Log",3
"Scenedesmus","Ethanol",0,"Stat",1
"Scenedesmus","Ethanol",0,"Stat",2
"Scenedesmus","Ethanol",0,"Stat",3
"Scenedesmus","Ethanol",0.1,"Lag",1
"Scenedesmus","Ethanol",0.1,"Lag",2
"Scenedesmus","Ethanol",0.1,"Lag",3
"Scenedesmus","Ethanol",0.1,"Log",1
"Scenedesmus","Ethanol",0.1,"Log",2
"Scenedesmus","Ethanol",0.1,"Log",3
"Scenedesmus","Ethanol",0.1,"Stat",1
"Scenedesmus","Ethanol",0.1,"Stat",2
"Scenedesmus","Ethanol",0.1,"Stat",3
"Scenedesmus","Ethanol",0.5,"Lag",1
"Scenedesmus","Ethanol",0.5,"Lag",2
"Scenedesmus","Ethanol",0.5,"Lag",3
"Scenedesmus","Ethanol",0.5,"Log",1
"Scenedesmus","Ethanol",0.5,"Log",2
"Scenedesmus","Ethanol",0.5,"Log",3
"Scenedesmus","Ethanol",0.5,"Stat",1
"Scenedesmus","Ethanol",0.5,"Stat",2
"Scenedesmus","Ethanol",0.5,"Stat",3
"Scenedesmus","Ethanol",1,"Lag",1
"Scenedesmus","Ethanol",1,"Lag",2
"Scenedesmus","Ethanol",1,"Lag",3
"Scenedesmus","Ethanol",1,"Log",1
"Scenedesmus","Ethanol",1,"Log",2
"Scenedesmus","Ethanol",1,"Log",3
"Scenedesmus","Ethanol",1,"Stat",1
"Scenedesmus","Ethanol",1,"Stat",2
"Scenedesmus","Ethanol",1,"Stat",3
"Scenedesmus","Ethanol",3,"Lag",1
"Scenedesmus","Ethanol",3,"Lag",2
"Scenedesmus","Ethanol",3,"Lag",3
"Scenedesmus","Ethanol",3,"Log",1
"Scenedesmus","Ethanol",3,"Log",2
"Scenedesmus","Ethanol",3,"Log",3
"Scenedesmus","Ethanol",3,"Stat",1
"Scenedesmus","Ethanol",3,"Stat",2
"Scenedesmus","Ethanol",3,"Stat",3
"Scenedesmus","Glucose",0,"Lag",1
"Scenedesmus","Glucose",0,"Lag",2
"Scenedesmus","Glucose",0,"Lag",3
"Scenedesmus","Glucose",0,"Log",1
"Scenedesmus","Glucose",0,"Log",2
"Scenedesmus","Glucose",0,"Log",3
"Scenedesmus","Glucose",0,"Stat",1
"Scenedesmus","Glucose",0,"Stat",2
"Scenedesmus","Glucose",0,"Stat",3
"Scenedesmus","Glucose",0.1,"Lag",1
"Scenedesmus","Glucose",0.1,"Lag",2
"Scenedesmus","Glucose",0.1,"Lag",3
"Scenedesmus","Glucose",0.1,"Log",1
"Scenedesmus","Glucose",0.1,"Log",2
"Scenedesmus","Glucose",0.1,"Log",3
"Scenedesmus","Glucose",0.1,"Stat",1
"Scenedesmus","Glucose",0.1,"Stat",2
"Scenedesmus","Glucose",0.1,"Stat",3
"Scenedesmus","Glucose",0.5,"Lag",1
"Scenedesmus","Glucose",0.5,"Lag",2
"Scenedesmus","Glucose",0.5,"Lag",3
"Scenedesmus","Glucose",0.5,"Log",1
"Scenedesmus","Glucose",0.5,"Log",2
"Scenedesmus","Glucose",0.5,"Log",3
"Scenedesmus","Glucose",0.5,"Stat",1
"Scenedesmus","Glucose",0.5,"Stat",2
"Scenedesmus","Glucose",0.5,"Stat",3
"Scenedesmus","Glucose",1,"Lag",1
"Scenedesmus","Glucose",1,"Lag",2
"Scenedesmus","Glucose",1,"Lag",3
"Scenedesmus","Glucose",1,"Log",1
"Scenedesmus","Glucose",1,"Log",2
"Scenedesmus","Glucose",1,"Log",3
"Scenedesmus","Glucose",1,"Stat",1
"Scenedesmus","Glucose",1,"Stat",2
"Scenedesmus","Glucose",1,"Stat",3
"Scenedesmus","Glucose",3,"Lag",1
"Scenedesmus","Glucose",3,"Lag",2
"Scenedesmus","Glucose",3,"Lag",3
"Scenedesmus","Glucose",3,"Log",1
"Scenedesmus","Glucose",3,"Log",2
"Scenedesmus","Glucose",3,"Log",3
"Scenedesmus","Glucose",3,"Stat",1
"Scenedesmus","Glucose",3,"Stat",2
"Scenedesmus","Glucose",3,"Stat",3
"Scenedesmus","Glycerol",0,"Lag",1
"Scenedesmus","Glycerol",0,"Lag",2
"Scenedesmus","Glycerol",0,"Lag",3
"Scenedesmus","Glycerol",0,"Log",1
"Scenedesmus","Glycerol",0,"Log",2
"Scenedesmus","Glycerol",0,"Log",3
"Scenedesmus","Glycerol",0,"Stat",1
"Scenedesmus","Glycerol",0,"Stat",2
"Scenedesmus","Glycerol",0,"Stat",3
"Scenedesmus","Glycerol",0.1,"Lag",1
"Scenedesmus","Glycerol",0.1,"Lag",2
"Scenedesmus","Glycerol",0.1,"Lag",3
"Scenedesmus","Glycerol",0.1,"Log",1
"Scenedesmus","Glycerol",0.1,"Log",2
"Scenedesmus","Glycerol",0.1,"Log",3
"Scenedesmus","Glycerol",0.1,"Stat",1
"Scenedesmus","Glycerol",0.1,"Stat",2
"Scenedesmus","Glycerol",0.1,"Stat",3
"Scenedesmus","Glycerol",0.5,"Lag",1
"Scenedesmus","Glycerol",0.5,"Lag",2
"Scenedesmus","Glycerol",0.5,"Lag",3
"Scenedesmus","Glycerol",0.5,"Log",1
"Scenedesmus","Glycerol",0.5,"Log",2
"Scenedesmus","Glycerol",0.5,"Log",3
"Scenedesmus","Glycerol",0.5,"Stat",1
"Scenedesmus","Glycerol",0.5,"Stat",2
"Scenedesmus","Glycerol",0.5,"Stat",3
"Scenedesmus","Glycerol",1,"Lag",1
"Scenedesmus","Glycerol",1,"Lag",2
"Scenedesmus","Glycerol",1,"Lag",3
"Scenedesmus","Glycerol",1,"Log",1
"Scenedesmus","Glycerol",1,"Log",2
"Scenedesmus","Glycerol",1,"Log",3
"Scenedesmus","Glycerol",1,"Stat",1
"Scenedesmus","Glycerol",1,"Stat",2
"Scenedesmus","Glycerol",1,"Stat",3
"Scenedesmus","Glycerol",3,"Lag",1
"Scenedesmus","Glycerol",3,"Lag",2
"Scenedesmus","Glycerol",3,"Lag",3
"Scenedesmus","Glycerol",3,"Log",1
"Scenedesmus","Glycerol",3,"Log",2
"Scenedesmus","Glycerol",3,"Log",3
"Scenedesmus","Glycerol",3,"Stat",1
"Scenedesmus","Glycerol",3,"Stat",2
"Scenedesmus","Glycerol",3,"Stat",3
"Scenedesmus","Methanol",0,"Lag",1
"Scenedesmus","Methanol",0,"Lag",2
"Scenedesmus","Methanol",0,"Lag",3
"Scenedesmus","Methanol",0,"Log",1
"Scenedesmus","Methanol",0,"Log",2
"Scenedesmus","Methanol",0,"Log",3
"Scenedesmus","Methanol",0,"Stat",1
"Scenedesmus","Methanol",0,"Stat",2
"Scenedesmus","Methanol",0,"Stat",3
"Scenedesmus","Methanol",0.1,"Lag",1
"Scenedesmus","Methanol",0.1,"Lag",2
"Scenedesmus","Methanol",0.1,"Lag",3
"Scenedesmus","Methanol",0.1,"Log",1
"Scenedesmus","Methanol",0.1,"Log",2
"Scenedesmus","Methanol",0.1,"Log",3
"Scenedesmus","Methanol",0.1,"Stat",1
"Scenedesmus","Methanol",0.1,"Stat",2
"Scenedesmus","Methanol",0.1,"Stat",3
"Scenedesmus","Methanol",0.5,"Lag",1
"Scenedesmus","Methanol",0.5,"Lag",2
"Scenedesmus","Methanol",0.5,"Lag",3
"Scenedesmus","Methanol",0.5,"Log",1
"Scenedesmus","Methanol",0.5,"Log",2
"Scenedesmus","Methanol",0.5,"Log",3
"Scenedesmus","Methanol",0.5,"Stat",1
"Scenedesmus","Methanol",0.5,"Stat",2
"Scenedesmus","Methanol",0.5,"Stat",3
"Scenedesmus","Methanol",1,"Lag",1
"Scenedesmus","Methanol",1,"Lag",2
"Scenedesmus","Methanol",1,"Lag",3
"Scenedesmus","Methanol",1,"Log",1
"Scenedesmus","Methanol",1,"Log",2
"Scenedesmus","Methanol",1,"Log",3
"Scenedesmus","Methanol",1,"Stat",1
"Scenedesmus","Methanol",1,"Stat",2
"Scenedesmus","Methanol",1,"Stat",3
"Scenedesmus","Methanol",3,"Lag",1
"Scenedesmus","Methanol",3,"Lag",2
"Scenedesmus","Methanol",3,"Lag",3
"Scenedesmus","Methanol",3,"Log",1
"Scenedesmus","Methanol",3,"Log",2
"Scenedesmus","Methanol",3,"Log",3
"Scenedesmus","Methanol",3,"Stat",1
"Scenedesmus","Methanol",3,"Stat",2
"Scenedesmus","Methanol",3,"Stat",3
"Thalassiosira","Acetate",0,"Lag",1
"Thalassiosira","Acetate",0,"Lag",2
"Thalassiosira","Acetate",0,"Lag",3
"Thalassiosira","Acetate",0,"Log",1
"Thalassiosira","Acetate",0,"Log",2
"Thalassiosira","Acetate",0,"Log",3
"Thalassiosira","Acetate",0,"Stat",1
"Thalassiosira","Acetate",0,"Stat",2
"Thalassiosira","Acetate",0,"Stat",3
"Thalassiosira","Acetate",0.1,"Lag",1
"Thalassiosira","Acetate",0.1,"Lag",2
"Thalassiosira","Acetate",0.1,"Lag",3
"Thalassiosira","Acetate",0.1,"Log",1
"Thalassiosira","Acetate",0.1,"Log",2
"Thalassiosira","Acetate",0.1,"Log",3
"Thalassiosira","Acetate",0.1,"Stat",1
"Thalassiosira","Acetate",0.1,"Stat",2
"Thalassiosira","Acetate",0.1,"Stat",3
"Thalassiosira","Acetate",0.5,"Lag",1
"Thalassiosira","Acetate",0.5,"Lag",2
"Thalassiosira","Acetate",0.5,"Lag",3
"Thalassiosira","Acetate",0.5,"Log",1
"Thalassiosira","Acetate",0.5,"Log",2
"Thalassiosira","Acetate",0.5,"Log",3
"Thalassiosira","Acetate",0.5,"Stat",1
"Thalassiosira","Acetate",0.5,"Stat",2
"Thalassiosira","Acetate",0.5,"Stat",3
"Thalassiosira","Acetate",1,"Lag",1
"Thalassiosira","Acetate",1,"Lag",2
"Thalassiosira","Acetate",1,"Lag",3
"Thalassiosira","Acetate",1,"Log",1
"Thalassiosira","Acetate",1,"Log",2
"Thalassiosira","Acetate",1,"Log",3
"Thalassiosira","Acetate",1,"Stat",1
"Thalassiosira","Acetate",1,"Stat",2
"Thalassiosira","Acetate",1,"Stat",3
"Thalassiosira","Acetate",3,"Lag",1
"Thalassiosira","Acetate",3,"Lag",2
"Thalassiosira","Acetate",3,"Lag",3
"Thalassiosira","Acetate",3,"Log",1
"Thalassiosira","Acetate",3,"Log",2
"Thalassiosira","Acetate",3,"Log",3
"Thalassiosira","Acetate",3,"Stat",1
"Thalassiosira","Acetate",3,"Stat",2
"Thalassiosira","Acetate",3,"Stat",3
"Thalassiosira","Ethanol",0,"Lag",1
"Thalassiosira","Ethanol",0,"Lag",2
"Thalassiosira","Ethanol",0,"Lag",3
"Thalassiosira","Ethanol",0,"Log",1
"Thalassiosira","Ethanol",0,"Log",2
"Thalassiosira","Ethanol",0,"Log",3
"Thalassiosira","Ethanol",0,"Stat",1
"Thalassiosira","Ethanol",0,"Stat",2
"Thalassiosira","Ethanol",0,"Stat",3
"Thalassiosira","Ethanol",0.1,"Lag",1
"Thalassiosira","Ethanol",0.1,"Lag",2
"Thalassiosira","Ethanol",0.1,"Lag",3
"Thalassiosira","Ethanol",0.1,"Log",1
"Thalassiosira","Ethanol",0.1,"Log",2
"Thalassiosira","Ethanol",0.1,"Log",3
"Thalassiosira","Ethanol",0.1,"Stat",1
"Thalassiosira","Ethanol",0.1,"Stat",2
"Thalassiosira","Ethanol",0.1,"Stat",3
"Thalassiosira","Ethanol",0.5,"Lag",1
"Thalassiosira","Ethanol",0.5,"Lag",2
"Thalassiosira","Ethanol",0.5,"Lag",3
"Thalassiosira","Ethanol",0.5,"Log",1
"Thalassiosira","Ethanol",0.5,"Log",2
"Thalassiosira","Ethanol",0.5,"Log",3
"Thalassiosira","Ethanol",0.5,"Stat",1
"Thalassiosira","Ethanol",0.5,"Stat",2
"Thalassiosira","Ethanol",0.5,"Stat",3
"Thalassiosira","Ethanol",1,"Lag",1
"Thalassiosira","Ethanol",1,"Lag",2
"Thalassiosira","Ethanol",1,"Lag",3
"Thalassiosira","Ethanol",1,"Log",1
"Thalassiosira","Ethanol",1,"Log",2
"Thalassiosira","Ethanol",1,"Log",3
"Thalassiosira","Ethanol",1,"Stat",1
"Thalassiosira","Ethanol",1,"Stat",2
"Thalassiosira","Ethanol",1,"Stat",3
"Thalassiosira","Ethanol",3,"Lag",1
"Thalassiosira","Ethanol",3,"Lag",2
"Thalassiosira","Ethanol",3,"Lag",3
"Thalassiosira","Ethanol",3,"Log",1
"Thalassiosira","Ethanol",3,"Log",2
"Thalassiosira","Ethanol",3,"Log",3
"Thalassiosira","Ethanol",3,"Stat",1
"Thalassiosira","Ethanol",3,"Stat",2
"Thalassiosira","Ethanol",3,"Stat",3
"Thalassiosira","Glucose",0,"Lag",1
"Thalassiosira","Glucose",0,"Lag",2
"Thalassiosira","Glucose",0,"Lag",3
"Thalassiosira","Glucose",0,"Log",1
"Thalassiosira","Glucose",0,"Log",2
"Thalassiosira","Glucose",0,"Log",3
"Thalassiosira","Glucose",0,"Stat",1
"Thalassiosira","Glucose",0,"Stat",2
"Thalassiosira","Glucose",0,"Stat",3
"Thalassiosira","Glucose",0.1,"Lag",1
"Thalassiosira","Glucose",0.1,"Lag",2
"Thalassiosira","Glucose",0.1,"Lag",3
"Thalassiosira","Glucose",0.1,"Log",1
"Thalassiosira","Glucose",0.1,"Log",2
"Thalassiosira","Glucose",0.1,"Log",3
"Thalassiosira","Glucose",0.1,"Stat",1
"Thalassiosira","Glucose",0.1,"Stat",2
"Thalassiosira","Glucose",0.1,"Stat",3
"Thalassiosira","Glucose",0.5,"Lag",1
"Thalassiosira","Glucose",0.5,"Lag",2
"Thalassiosira","Glucose",0.5,"Lag",3
"Thalassiosira","Glucose",0.5,"Log",1
"Thalassiosira","Glucose",0.5,"Log",2
"Thalassiosira","Glucose",0.5,"Log",3
"Thalassiosira","Glucose",0.5,"Stat",1
"Thalassiosira","Glucose",0.5,"Stat",2
"Thalassiosira","Glucose",0.5,"Stat",3
"Thalassiosira","Glucose",1,"Lag",1
"Thalassiosira","Glucose",1,"Lag",2
"Thalassiosira","Glucose",1,"Lag",3
"Thalassiosira","Glucose",1,"Log",1
"Thalassiosira","Glucose",1,"Log",2
"Thalassiosira","Glucose",1,"Log",3
"Thalassiosira","Glucose",1,"Stat",1
"Thalassiosira","Glucose",1,"Stat",2
"Thalassiosira","Glucose",1,"Stat",3
"Thalassiosira","Glucose",3,"Lag",1
"Thalassiosira","Glucose",3,"Lag",2
"Thalassiosira","Glucose",3,"Lag",3
"Thalassiosira","Glucose",3,"Log",1
"Thalassiosira","Glucose",3,"Log",2
"Thalassiosira","Glucose",3,"Log",3
"Thalassiosira","Glucose",3,"Stat",1
"Thalassiosira","Glucose",3,"Stat",2
"Thalassiosira","Glucose",3,"Stat",3
"Thalassiosira","Glycerol",0,"Lag",1
"Thalassiosira","Glycerol",0,"Lag",2
"Thalassiosira","Glycerol",0,"Lag",3
"Thalassiosira","Glycerol",0,"Log",1
"Thalassiosira","Glycerol",0,"Log",2
"Thalassiosira","Glycerol",0,"Log",3
"Thalassiosira","Glycerol",0,"Stat",1
"Thalassiosira","Glycerol",0,"Stat",2
"Thalassiosira","Glycerol",0,"Stat",3
"Thalassiosira","Glycerol",0.1,"Lag",1
"Thalassiosira","Glycerol",0.1,"Lag",2
"Thalassiosira","Glycerol",0.1,"Lag",3
"Thalassiosira","Glycerol",0.1,"Log",1
"Thalassiosira","Glycerol",0.1,"Log",2
"Thalassiosira","Glycerol",0.1,"Log",3
"Thalassiosira","Glycerol",0.1,"Stat",1
"Thalassiosira","Glycerol",0.1,"Stat",2
"Thalassiosira","Glycerol",0.1,"Stat",3
"Thalassiosira","Glycerol",0.5,"Lag",1
"Thalassiosira","Glycerol",0.5,"Lag",2
"Thalassiosira","Glycerol",0.5,"Lag",3
"Thalassiosira","Glycerol",0.5,"Log",1
"Thalassiosira","Glycerol",0.5,"Log",2
"Thalassiosira","Glycerol",0.5,"Log",3
"Thalassiosira","Glycerol",0.5,"Stat",1
"Thalassiosira","Glycerol",0.5,"Stat",2
"Thalassiosira","Glycerol",0.5,"Stat",3
"Thalassiosira","Glycerol",1,"Lag",1
"Thalassiosira","Glycerol",1,"Lag",2
"Thalassiosira","Glycerol",1,"Lag",3
"Thalassiosira","Glycerol",1,"Log",1
"Thalassiosira","Glycerol",1,"Log",2
"Thalassiosira","Glycerol",1,"Log",3
"Thalassiosira","Glycerol",1,"Stat",1
"Thalassiosira","Glycerol",1,"Stat",2
"Thalassiosira","Glycerol",1,"Stat",3
"Thalassiosira","Glycerol",3,"Lag",1
"Thalassiosira","Glycerol",3,"Lag",2
"Thalassiosira","Glycerol",3,"Lag",3
"Thalassiosira","Glycerol",3,"Log",1
"Thalassiosira","Glycerol",3,"Log",2
"Thalassiosira","Glycerol",3,"Log",3
"Thalassiosira","Glycerol",3,"Stat",1
"Thalassiosira","Glycerol",3,"Stat",2
"Thalassiosira","Glycerol",3,"Stat",3
"Thalassiosira","Methanol",0,"Lag",1
"Thalassiosira","Methanol",0,"Lag",2
"Thalassiosira","Methanol",0,"Lag",3
"Thalassiosira","Methanol",0,"Log",1
"Thalassiosira","Methanol",0,"Log",2
"Thalassiosira","Methanol",0,"Log",3
"Thalassiosira","Methanol",0,"Stat",1
"Thalassiosira","Methanol",0,"Stat",2
"Thalassiosira","Methanol",0,"Stat",3
"Thalassiosira","Methanol",0.1,"Lag",1
"Thalassiosira","Methanol",0.1,"Lag",2
"Thalassiosira","Methanol",0.1,"Lag",3
"Thalassiosira","Methanol",0.1,"Log",1
"Thalassiosira","Methanol",0.1,"Log",2
"Thalassiosira","Methanol",0.1,"Log",3
"Thalassiosira","Methanol",0.1,"Stat",1
"Thalassiosira","Methanol",0.1,"Stat",2
"Thalassiosira","Methanol",0.1,"Stat",3
"Thalassiosira","Methanol",0.5,"Lag",1
"Thalassiosira","Methanol",0.5,"Lag",2
"Thalassiosira","Methanol",0.5,"Lag",3
"Thalassiosira","Methanol",0.5,"Log",1
"Thalassiosira","Methanol",0.5,"Log",2
"Thalassiosira","Methanol",0.5,"Log",3
"Thalassiosira","Methanol",0.5,"Stat",1
"Thalassiosira","Methanol",0.5,"Stat",2
"Thalassiosira","Methanol",0.5,"Stat",3
"Thalassiosira","Methanol",1,"Lag",1
"Thalassiosira","Methanol",1,"Lag",2
"Thalassiosira","Methanol",1,"Lag",3
"Thalassiosira","Methanol",1,"Log",1
"Thalassiosira","Methanol",1,"Log",2
"Thalassiosira","Methanol",1,"Log",3
"Thalassiosira","Methanol",1,"Stat",1
"Thalassiosira","Methanol",1,"Stat",2
"Thalassiosira","Methanol",1,"Stat",3
"Thalassiosira","Methanol",3,"Lag",1
"Thalassiosira","Methanol",3,"Lag",2
"Thalassiosira","Methanol",3,"Lag",3
"Thalassiosira","Methanol",3,"Log",1
"Thalassiosira","Methanol",3,"Log",2
"Thalassiosira","Methanol",3,"Log",3
"Thalassiosira","Methanol",3,"Stat",1
"Thalassiosira","Methanol",3,"Stat",2
"Thalassiosira","Methanol",3,"Stat",3
